,w,k,covg,min_cluster_size,max_cluster_distance,num_cluster_tp,num_cluster_fp,num_gene_tp,num_gene_fp,num_non_unique_entries
0,6,11,15,5,20,3920,199,5452,1770,1014
1,6,11,15,5,30,3903,191,5459,1718,1013
2,6,11,15,5,40,3839,176,5429,1677,1064
3,6,11,15,5,80,3766,163,5371,1551,1110
4,6,11,15,5,160,4078,139,5479,1490,1353
5,6,11,15,5,250,4446,143,5690,1497,1647
6,6,11,15,5,320,4599,140,5776,1530,1784
7,6,11,15,10,20,3255,35,5331,751,873
8,6,11,15,10,30,3315,34,5346,732,856
9,6,11,15,10,40,3270,34,5310,707,909
10,6,11,15,10,80,3214,29,5255,654,916
11,6,11,15,10,160,3301,32,5272,636,1037
12,6,11,15,10,250,3483,31,5416,647,1221
13,6,11,15,10,320,3599,31,5517,685,1328
14,6,11,15,15,20,2762,14,5207,445,613
15,6,11,15,15,30,2838,13,5235,418,693
16,6,11,15,15,40,2831,13,5200,408,730
17,6,11,15,15,80,2797,13,5155,382,781
18,6,11,15,15,160,2846,10,5159,377,835
19,6,11,15,15,250,2893,12,5236,396,914
20,6,11,15,15,320,2953,11,5284,403,985
21,6,11,30,5,20,3044,23,4998,545,420
22,6,11,30,5,30,3147,21,5082,449,476
23,6,11,30,5,40,3128,14,5059,376,528
24,6,11,30,5,80,3094,8,5043,258,536
25,6,11,30,5,160,3195,7,5068,235,644
26,6,11,30,5,250,3382,7,5236,269,779
27,6,11,30,5,320,3493,7,5361,292,805
28,6,11,30,10,20,2588,7,4970,181,354
29,6,11,30,10,30,2749,5,5036,153,444
30,6,11,30,10,40,2794,5,5017,121,451
31,6,11,30,10,80,2758,4,5012,79,507
32,6,11,30,10,160,2784,5,5016,72,527
33,6,11,30,10,250,2783,4,5075,84,590
34,6,11,30,10,320,2828,4,5148,102,646
35,6,11,30,15,20,2158,3,4911,101,278
36,6,11,30,15,30,2383,2,4995,78,373
37,6,11,30,15,40,2456,3,4999,58,386
38,6,11,30,15,80,2430,2,4983,33,423
39,6,11,30,15,160,2414,2,4981,30,469
40,6,11,30,15,250,2384,2,4998,38,491
41,6,11,30,15,320,2394,3,5028,43,474
42,6,11,60,5,20,3264,42,5117,679,521
43,6,11,60,5,30,3293,33,5138,591,594
44,6,11,60,5,40,3279,28,5111,509,588
45,6,11,60,5,80,3215,17,5081,355,655
46,6,11,60,5,160,3381,16,5098,317,718
47,6,11,60,5,250,3647,12,5317,347,894
48,6,11,60,5,320,3773,13,5418,387,959
49,6,11,60,10,20,2799,10,5056,239,438
50,6,11,60,10,30,2884,8,5081,205,515
51,6,11,60,10,40,2897,9,5076,171,510
52,6,11,60,10,80,2855,5,5034,127,573
53,6,11,60,10,160,2880,7,5039,108,600
54,6,11,60,10,250,2954,7,5123,126,634
55,6,11,60,10,320,3024,7,5197,142,671
56,6,11,60,15,20,2378,4,4988,123,348
57,6,11,60,15,30,2528,3,5034,104,431
58,6,11,60,15,40,2567,3,5039,89,448
59,6,11,60,15,80,2538,2,5008,57,493
60,6,11,60,15,160,2534,3,5012,48,540
61,6,11,60,15,250,2525,4,5034,56,509
62,6,11,60,15,320,2518,3,5058,68,531
63,6,11,100,5,20,3312,48,5131,709,556
64,6,11,100,5,30,3344,39,5142,617,610
65,6,11,100,5,40,3326,32,5128,548,596
66,6,11,100,5,80,3262,18,5093,377,623
67,6,11,100,5,160,3418,14,5115,331,760
68,6,11,100,5,250,3737,12,5332,366,868
69,6,11,100,5,320,3848,14,5435,404,1033
70,6,11,100,10,20,2848,8,5078,247,473
71,6,11,100,10,30,2939,10,5090,210,529
72,6,11,100,10,40,2932,7,5079,184,576
73,6,11,100,10,80,2912,8,5047,136,567
74,6,11,100,10,160,2921,7,5049,125,606
75,6,11,100,10,250,2995,6,5133,134,634
76,6,11,100,10,320,3053,5,5211,152,727
77,6,11,100,15,20,2422,3,5015,127,358
78,6,11,100,15,30,2555,3,5047,112,435
79,6,11,100,15,40,2585,3,5044,95,488
80,6,11,100,15,80,2579,3,5014,63,475
81,6,11,100,15,160,2588,3,5025,57,517
82,6,11,100,15,250,2565,4,5035,60,543
83,6,11,100,15,320,2549,2,5057,72,593
84,6,15,15,5,20,3763,38,5452,741,1037
85,6,15,15,5,30,3788,33,5445,693,1064
86,6,15,15,5,40,3101,86,4407,709,5080
87,6,15,15,5,80,3635,21,5326,538,1003
88,6,15,15,5,160,3574,21,5269,449,970
89,6,15,15,5,250,3559,20,5255,417,1006
90,6,15,15,5,320,3555,20,5254,411,996
91,6,15,15,10,20,3027,5,5267,235,788
92,6,15,15,10,30,3123,6,5284,221,787
93,6,15,15,10,40,3154,8,5286,205,775
94,6,15,15,10,80,3105,4,5219,157,805
95,6,15,15,10,160,3084,3,5180,125,798
96,6,15,15,10,250,3076,3,5167,123,807
97,6,15,15,10,320,3074,3,5167,120,815
98,6,15,15,15,20,2380,3,5110,105,567
99,6,15,15,15,30,2586,3,5152,100,604
100,6,15,15,15,40,2633,4,5157,94,597
101,6,15,15,15,80,2620,4,5116,70,618
102,6,15,15,15,160,2615,3,5095,57,643
103,6,15,15,15,250,2622,3,5089,52,652
104,6,15,15,15,320,2622,3,5090,52,666
105,6,15,30,5,20,2868,0,4983,3,341
106,6,15,30,5,30,3014,0,5041,4,396
107,6,15,30,5,40,3065,1,5052,3,436
108,6,15,30,5,80,3072,1,5011,1,481
109,6,15,30,5,160,3050,1,4994,0,484
110,6,15,30,5,250,3051,1,4990,0,492
111,6,15,30,5,320,3044,1,4993,0,506
112,6,15,30,10,20,2209,0,4902,3,246
113,6,15,30,10,30,2469,0,4969,2,315
114,6,15,30,10,40,2589,0,4985,1,364
115,6,15,30,10,80,2647,1,4984,1,398
116,6,15,30,10,160,2645,1,4967,0,421
117,6,15,30,10,250,2645,1,4970,0,426
118,6,15,30,10,320,2640,1,4971,0,434
119,6,15,30,15,20,1630,0,4764,2,174
120,6,15,30,15,30,2028,0,4888,1,261
121,6,15,30,15,40,2182,0,4943,1,272
122,6,15,30,15,80,2266,1,4946,1,314
123,6,15,30,15,160,2262,1,4937,0,336
124,6,15,30,15,250,2261,1,4934,0,340
125,6,15,30,15,320,2257,1,4935,0,340
126,6,15,60,5,20,3130,2,5098,8,475
127,6,15,60,5,30,3241,3,5116,7,505
128,6,15,60,5,40,3258,2,5085,5,538
129,6,15,60,5,80,3208,1,5040,3,564
130,6,15,60,5,160,3185,2,5024,2,552
131,6,15,60,5,250,3187,1,5025,2,565
132,6,15,60,5,320,3180,1,5022,2,571
133,6,15,60,10,20,2477,0,4989,8,330
134,6,15,60,10,30,2683,0,5028,7,391
135,6,15,60,10,40,2761,0,5029,5,415
136,6,15,60,10,80,2774,0,5003,3,472
137,6,15,60,10,160,2778,2,4992,2,467
138,6,15,60,10,250,2779,1,4992,2,474
139,6,15,60,10,320,2770,1,4990,2,482
140,6,15,60,15,20,1896,0,4873,6,216
141,6,15,60,15,30,2214,0,4952,5,298
142,6,15,60,15,40,2329,0,4977,4,333
143,6,15,60,15,80,2396,0,4966,2,348
144,6,15,60,15,160,2393,2,4960,2,365
145,6,15,60,15,250,2385,1,4957,2,380
146,6,15,60,15,320,2381,1,4956,2,394
147,6,15,100,5,20,3162,2,5114,8,519
148,6,15,100,5,30,3283,3,5128,6,534
149,6,15,100,5,40,3304,3,5099,5,545
150,6,15,100,5,80,3255,0,5046,4,539
151,6,15,100,5,160,3222,1,5027,4,543
152,6,15,100,5,250,3222,0,5030,3,555
153,6,15,100,5,320,3217,0,5026,3,561
154,6,15,100,10,20,2552,1,5003,7,339
155,6,15,100,10,30,2732,1,5033,5,421
156,6,15,100,10,40,2809,1,5032,5,445
157,6,15,100,10,80,2803,0,5010,4,476
158,6,15,100,10,160,2808,1,4990,4,467
159,6,15,100,10,250,2807,0,4992,3,479
160,6,15,100,10,320,2801,0,4989,3,482
161,6,15,100,15,20,1951,1,4884,6,250
162,6,15,100,15,30,2268,1,4972,5,302
163,6,15,100,15,40,2364,1,4980,5,358
164,6,15,100,15,80,2404,0,4975,3,379
165,6,15,100,15,160,2412,0,4959,3,376
166,6,15,100,15,250,2414,0,4961,2,388
167,6,15,100,15,320,2413,0,4960,2,402
168,6,19,15,5,20,3445,7,5399,47,964
169,6,19,15,5,30,3492,6,5392,43,1013
170,6,19,15,5,40,3529,6,5374,42,958
171,6,19,15,5,80,3452,6,5304,24,930
172,6,19,15,5,160,3394,7,5221,20,936
173,6,19,15,5,250,3378,7,5206,19,955
174,6,19,15,5,320,3385,7,5205,16,951
175,6,19,15,10,20,2634,2,5171,18,627
176,6,19,15,10,30,2782,2,5214,16,703
177,6,19,15,10,40,2845,3,5209,16,671
178,6,19,15,10,80,2861,2,5176,11,685
179,6,19,15,10,160,2838,2,5112,7,698
180,6,19,15,10,250,2837,2,5099,7,716
181,6,19,15,10,320,2828,2,5099,6,723
182,6,19,15,15,20,1996,2,4996,9,419
183,6,19,15,15,30,2239,2,5064,7,511
184,6,19,15,15,40,2340,3,5077,7,509
185,6,19,15,15,80,2402,2,5067,5,549
186,6,19,15,15,160,2404,2,5019,2,552
187,6,19,15,15,250,2391,2,5013,1,565
188,6,19,15,15,320,2392,2,5014,1,575
189,6,19,30,5,20,2499,3,4957,3,274
190,6,19,30,5,30,2665,2,4989,1,303
191,6,19,30,5,40,2761,2,4994,1,304
192,6,19,30,5,80,2835,2,4969,1,353
193,6,19,30,5,160,2832,2,4960,1,366
194,6,19,30,5,250,2826,2,4957,0,380
195,6,19,30,5,320,2824,2,4962,0,383
196,6,19,30,10,20,1652,1,4803,0,167
197,6,19,30,10,30,2045,1,4890,1,222
198,6,19,30,10,40,2206,1,4914,1,227
199,6,19,30,10,80,2342,1,4925,1,287
200,6,19,30,10,160,2357,1,4920,1,314
201,6,19,30,10,250,2354,1,4920,0,327
202,6,19,30,10,320,2354,1,4918,0,329
203,6,19,30,15,20,963,1,4449,0,113
204,6,19,30,15,30,1547,1,4772,0,173
205,6,19,30,15,40,1779,1,4833,0,190
206,6,19,30,15,80,1966,1,4872,1,231
207,6,19,30,15,160,1976,1,4868,1,251
208,6,19,30,15,250,1970,1,4868,0,263
209,6,19,30,15,320,1974,1,4866,0,261
210,6,19,60,5,20,2813,3,5063,4,381
211,6,19,60,5,30,2940,3,5072,6,402
212,6,19,60,5,40,2999,2,5071,5,415
213,6,19,60,5,80,3028,2,5013,1,436
214,6,19,60,5,160,3020,2,5000,0,447
215,6,19,60,5,250,3003,2,4995,0,471
216,6,19,60,5,320,2998,2,4994,0,468
217,6,19,60,10,20,1961,1,4913,3,212
218,6,19,60,10,30,2282,1,4963,3,278
219,6,19,60,10,40,2428,1,4978,1,290
220,6,19,60,10,80,2523,1,4966,1,329
221,6,19,60,10,160,2513,1,4953,0,356
222,6,19,60,10,250,2524,1,4956,0,341
223,6,19,60,10,320,2509,1,4949,0,355
224,6,19,60,15,20,1239,1,4658,1,142
225,6,19,60,15,30,1794,1,4845,2,196
226,6,19,60,15,40,1963,1,4892,0,203
227,6,19,60,15,80,2092,1,4916,0,249
228,6,19,60,15,160,2113,1,4905,0,275
229,6,19,60,15,250,2112,1,4906,0,277
230,6,19,60,15,320,2111,1,4907,0,275
231,6,19,100,5,20,2876,3,5070,5,420
232,6,19,100,5,30,3004,3,5083,5,434
233,6,19,100,5,40,3043,3,5072,3,449
234,6,19,100,5,80,3082,2,5019,1,455
235,6,19,100,5,160,3056,2,4992,1,488
236,6,19,100,5,250,3066,2,4988,0,480
237,6,19,100,5,320,3062,2,4991,0,476
238,6,19,100,10,20,2053,1,4933,3,237
239,6,19,100,10,30,2358,1,4984,3,289
240,6,19,100,10,40,2474,1,5000,3,304
241,6,19,100,10,80,2561,1,4966,0,343
242,6,19,100,10,160,2564,1,4954,0,363
243,6,19,100,10,250,2579,1,4950,0,344
244,6,19,100,10,320,2575,1,4951,0,352
245,6,19,100,15,20,1337,1,4713,1,139
246,6,19,100,15,30,1851,1,4863,1,208
247,6,19,100,15,40,2023,1,4906,1,209
248,6,19,100,15,80,2143,1,4915,0,273
249,6,19,100,15,160,2151,1,4906,0,282
250,6,19,100,15,250,2156,1,4902,0,290
251,6,19,100,15,320,2167,1,4905,0,271
252,6,23,15,5,20,3240,2,5348,8,835
253,6,23,15,5,30,3281,2,5339,6,878
254,6,23,15,5,40,3300,1,5317,6,859
255,6,23,15,5,80,3281,2,5264,6,857
256,6,23,15,5,160,3227,2,5206,3,812
257,6,23,15,5,250,3208,2,5187,3,818
258,6,23,15,5,320,3208,2,5185,3,824
259,6,23,15,10,20,2408,1,5134,3,549
260,6,23,15,10,30,2574,1,5147,3,532
261,6,23,15,10,40,2624,1,5133,3,596
262,6,23,15,10,80,2689,1,5131,4,605
263,6,23,15,10,160,2672,1,5095,2,599
264,6,23,15,10,250,2663,1,5075,1,612
265,6,23,15,10,320,2665,1,5075,1,615
266,6,23,15,15,20,1761,1,4922,3,346
267,6,23,15,15,30,1976,1,4998,3,404
268,6,23,15,15,40,2094,1,5008,3,396
269,6,23,15,15,80,2214,1,5019,3,445
270,6,23,15,15,160,2216,1,4993,2,443
271,6,23,15,15,250,2206,1,4983,2,460
272,6,23,15,15,320,2209,1,4987,1,456
273,6,23,30,5,20,2182,1,4959,1,243
274,6,23,30,5,30,2334,1,4959,1,246
275,6,23,30,5,40,2434,1,4959,1,217
276,6,23,30,5,80,2558,1,4932,1,285
277,6,23,30,5,160,2571,1,4920,1,308
278,6,23,30,5,250,2563,1,4919,0,312
279,6,23,30,5,320,2552,1,4914,0,313
280,6,23,30,10,20,1291,1,4689,0,143
281,6,23,30,10,30,1633,1,4810,0,179
282,6,23,30,10,40,1809,1,4841,0,177
283,6,23,30,10,80,2067,1,4874,0,230
284,6,23,30,10,160,2081,1,4874,1,234
285,6,23,30,10,250,2076,1,4872,0,247
286,6,23,30,10,320,2076,1,4871,0,253
287,6,23,30,15,20,638,1,4136,0,88
288,6,23,30,15,30,1070,1,4588,0,101
289,6,23,30,15,40,1301,1,4695,0,130
290,6,23,30,15,80,1658,1,4807,0,177
291,6,23,30,15,160,1683,1,4808,0,184
292,6,23,30,15,250,1678,1,4807,0,183
293,6,23,30,15,320,1673,1,4810,0,195
294,6,23,60,5,20,2532,1,5035,4,305
295,6,23,60,5,30,2651,1,5029,3,322
296,6,23,60,5,40,2726,1,5021,3,320
297,6,23,60,5,80,2816,1,4989,0,348
298,6,23,60,5,160,2821,1,4959,1,331
299,6,23,60,5,250,2819,1,4956,1,371
300,6,23,60,5,320,2825,1,4958,1,346
301,6,23,60,10,20,1636,1,4835,3,181
302,6,23,60,10,30,1934,1,4906,2,215
303,6,23,60,10,40,2088,1,4922,2,216
304,6,23,60,10,80,2276,1,4934,0,263
305,6,23,60,10,160,2292,1,4916,1,284
306,6,23,60,10,250,2304,1,4916,1,265
307,6,23,60,10,320,2293,1,4918,1,273
308,6,23,60,15,20,883,1,4462,1,113
309,6,23,60,15,30,1342,1,4732,1,152
310,6,23,60,15,40,1538,1,4785,0,169
311,6,23,60,15,80,1826,1,4866,0,196
312,6,23,60,15,160,1866,1,4868,1,207
313,6,23,60,15,250,1848,1,4866,1,221
314,6,23,60,15,320,1853,1,4867,1,210
315,6,23,100,5,20,2606,1,5052,4,338
316,6,23,100,5,30,2720,1,5043,3,361
317,6,23,100,5,40,2789,1,5031,2,359
318,6,23,100,5,80,2861,1,4995,1,389
319,6,23,100,5,160,2873,1,4964,0,365
320,6,23,100,5,250,2856,1,4961,1,397
321,6,23,100,5,320,2852,1,4961,1,401
322,6,23,100,10,20,1738,1,4858,2,189
323,6,23,100,10,30,2018,1,4925,2,210
324,6,23,100,10,40,2172,1,4933,1,232
325,6,23,100,10,80,2329,1,4939,1,295
326,6,23,100,10,160,2343,1,4921,1,296
327,6,23,100,10,250,2350,1,4922,1,301
328,6,23,100,10,320,2345,1,4918,1,301
329,6,23,100,15,20,970,1,4530,2,119
330,6,23,100,15,30,1427,1,4757,2,154
331,6,23,100,15,40,1619,1,4806,1,180
332,6,23,100,15,80,1871,1,4869,1,209
333,6,23,100,15,160,1905,1,4863,1,225
334,6,23,100,15,250,1908,1,4865,1,233
335,6,23,100,15,320,1902,1,4863,1,239
336,6,27,15,5,20,2998,0,5310,4,801
337,6,27,15,5,30,3017,0,5313,4,816
338,6,27,15,5,40,3057,1,5302,4,720
339,6,27,15,5,80,3068,0,5239,3,778
340,6,27,15,5,160,3042,0,5175,2,767
341,6,27,15,5,250,3037,0,5161,3,773
342,6,27,15,5,320,3029,0,5160,1,777
343,6,27,15,10,20,2242,1,5093,2,458
344,6,27,15,10,30,2299,1,5101,2,462
345,6,27,15,10,40,2389,1,5102,2,494
346,6,27,15,10,80,2469,0,5092,2,539
347,6,27,15,10,160,2502,0,5064,3,543
348,6,27,15,10,250,2516,0,5057,1,546
349,6,27,15,10,320,2498,0,5045,2,540
350,6,27,15,15,20,1581,0,4856,1,318
351,6,27,15,15,30,1686,1,4888,1,296
352,6,27,15,15,40,1856,1,4941,1,314
353,6,27,15,15,80,1991,0,4969,1,389
354,6,27,15,15,160,2021,0,4955,2,386
355,6,27,15,15,250,2031,0,4941,2,397
356,6,27,15,15,320,2021,0,4939,2,402
357,6,27,30,5,20,1897,0,4910,0,171
358,6,27,30,5,30,1945,0,4891,0,187
359,6,27,30,5,40,2087,0,4893,0,177
360,6,27,30,5,80,2258,0,4887,1,211
361,6,27,30,5,160,2289,0,4881,1,218
362,6,27,30,5,250,2297,0,4871,0,225
363,6,27,30,5,320,2279,0,4870,0,223
364,6,27,30,10,20,1026,0,4566,0,104
365,6,27,30,10,30,1189,0,4647,0,110
366,6,27,30,10,40,1425,0,4735,0,125
367,6,27,30,10,80,1734,0,4795,0,165
368,6,27,30,10,160,1800,0,4802,0,173
369,6,27,30,10,250,1794,0,4790,0,179
370,6,27,30,10,320,1796,0,4795,0,187
371,6,27,30,15,20,489,0,3899,0,71
372,6,27,30,15,30,689,0,4195,0,74
373,6,27,30,15,40,922,0,4479,0,87
374,6,27,30,15,80,1331,0,4686,0,116
375,6,27,30,15,160,1400,0,4703,0,127
376,6,27,30,15,250,1404,0,4705,0,128
377,6,27,30,15,320,1405,0,4704,0,137
378,6,27,60,5,20,2291,0,4989,2,241
379,6,27,60,5,30,2353,0,4984,2,233
380,6,27,60,5,40,2449,0,4982,2,245
381,6,27,60,5,80,2556,0,4942,0,250
382,6,27,60,5,160,2595,0,4930,0,255
383,6,27,60,5,250,2582,0,4927,0,274
384,6,27,60,5,320,2588,0,4926,0,254
385,6,27,60,10,20,1355,0,4744,0,136
386,6,27,60,10,30,1495,0,4788,0,157
387,6,27,60,10,40,1720,0,4826,0,171
388,6,27,60,10,80,1955,0,4863,0,184
389,6,27,60,10,160,2016,0,4869,0,203
390,6,27,60,10,250,2020,0,4869,0,206
391,6,27,60,10,320,2017,0,4868,0,205
392,6,27,60,15,20,695,0,4276,0,75
393,6,27,60,15,30,885,0,4471,0,94
394,6,27,60,15,40,1199,0,4646,0,106
395,6,27,60,15,80,1528,0,4770,0,131
396,6,27,60,15,160,1595,0,4779,0,148
397,6,27,60,15,250,1593,0,4773,0,143
398,6,27,60,15,320,1593,0,4772,0,155
399,6,27,100,5,20,2380,0,5013,3,247
400,6,27,100,5,30,2425,0,5006,2,249
401,6,27,100,5,40,2503,0,4998,2,265
402,6,27,100,5,80,2623,0,4960,1,281
403,6,27,100,5,160,2655,0,4946,0,262
404,6,27,100,5,250,2641,0,4937,0,290
405,6,27,100,5,320,2652,0,4937,0,278
406,6,27,100,10,20,1478,0,4800,1,131
407,6,27,100,10,30,1622,0,4820,1,142
408,6,27,100,10,40,1828,0,4846,1,172
409,6,27,100,10,80,2042,0,4879,1,198
410,6,27,100,10,160,2098,0,4872,0,205
411,6,27,100,10,250,2090,0,4867,0,215
412,6,27,100,10,320,2100,0,4867,0,204
413,6,27,100,15,20,746,0,4372,1,80
414,6,27,100,15,30,957,0,4534,0,94
415,6,27,100,15,40,1264,0,4695,1,108
416,6,27,100,15,80,1581,0,4782,1,149
417,6,27,100,15,160,1645,0,4790,0,142
418,6,27,100,15,250,1646,0,4782,0,158
419,6,27,100,15,320,1645,0,4786,0,154
420,10,11,15,5,20,3342,111,5338,1344,933
421,10,11,15,5,30,3450,105,5394,1305,990
422,10,11,15,5,40,3422,101,5376,1278,963
423,10,11,15,5,80,3307,96,5320,1223,978
424,10,11,15,5,160,3386,85,5320,1182,1033
425,10,11,15,5,250,3592,81,5432,1180,1204
426,10,11,15,5,320,3710,83,5532,1195,1328
427,10,11,15,10,20,2470,20,5128,559,601
428,10,11,15,10,30,2673,19,5205,553,614
429,10,11,15,10,40,2696,18,5180,547,675
430,10,11,15,10,80,2662,15,5157,519,676
431,10,11,15,10,160,2666,16,5130,511,731
432,10,11,15,10,250,2706,15,5168,507,785
433,10,11,15,10,320,2748,16,5210,512,851
434,10,11,15,15,20,1818,7,4939,302,355
435,10,11,15,15,30,2091,5,5060,297,445
436,10,11,15,15,40,2163,6,5074,292,455
437,10,11,15,15,80,2154,6,5038,280,487
438,10,11,15,15,160,2152,4,5029,276,523
439,10,11,15,15,250,2155,3,5041,285,559
440,10,11,15,15,320,2167,4,5059,287,567
441,10,11,30,5,20,2399,21,4760,435,272
442,10,11,30,5,30,2626,16,5004,352,343
443,10,11,30,5,40,2683,13,5011,308,397
444,10,11,30,5,80,2721,10,4991,229,403
445,10,11,30,5,160,2703,7,4979,188,459
446,10,11,30,5,250,2725,7,5024,198,510
447,10,11,30,5,320,2750,7,5094,207,553
448,10,11,30,10,20,1724,6,4652,131,185
449,10,11,30,10,30,2107,4,4921,107,268
450,10,11,30,10,40,2236,5,4950,90,297
451,10,11,30,10,80,2263,5,4934,62,346
452,10,11,30,10,160,2269,5,4933,50,347
453,10,11,30,10,250,2241,6,4936,57,388
454,10,11,30,10,320,2204,7,4959,59,386
455,10,11,30,15,20,1105,2,4438,74,135
456,10,11,30,15,30,1645,2,4817,57,210
457,10,11,30,15,40,1777,2,4877,43,238
458,10,11,30,15,80,1841,3,4886,27,261
459,10,11,30,15,160,1845,2,4882,24,277
460,10,11,30,15,250,1810,3,4885,22,301
461,10,11,30,15,320,1798,5,4884,28,272
462,10,11,60,5,20,2649,29,4912,528,352
463,10,11,60,5,30,2838,25,5069,463,438
464,10,11,60,5,40,2858,20,5065,400,459
465,10,11,60,5,80,2851,15,5037,302,499
466,10,11,60,5,160,2830,9,5031,251,530
467,10,11,60,5,250,2877,9,5077,245,599
468,10,11,60,5,320,2934,8,5153,270,642
469,10,11,60,10,20,1948,7,4794,178,228
470,10,11,60,10,30,2289,6,4981,141,339
471,10,11,60,10,40,2372,6,5005,124,356
472,10,11,60,10,80,2383,5,4975,82,403
473,10,11,60,10,160,2368,6,4973,71,420
474,10,11,60,10,250,2343,6,4981,71,442
475,10,11,60,10,320,2330,7,4989,77,455
476,10,11,60,15,20,1311,4,4605,100,160
477,10,11,60,15,30,1790,4,4887,80,244
478,10,11,60,15,40,1898,3,4911,62,284
479,10,11,60,15,80,1968,4,4906,41,273
480,10,11,60,15,160,1942,4,4904,33,304
481,10,11,60,15,250,1912,2,4907,36,332
482,10,11,60,15,320,1892,3,4905,40,331
483,10,11,100,5,20,2702,29,4939,533,415
484,10,11,100,5,30,2879,26,5069,484,482
485,10,11,100,5,40,2899,20,5085,423,469
486,10,11,100,5,80,2897,15,5047,312,508
487,10,11,100,5,160,2895,10,5046,266,529
488,10,11,100,5,250,2952,10,5087,262,595
489,10,11,100,5,320,3017,12,5172,279,644
490,10,11,100,10,20,2018,7,4811,181,264
491,10,11,100,10,30,2327,7,5000,152,365
492,10,11,100,10,40,2399,7,5005,130,380
493,10,11,100,10,80,2415,7,4978,92,388
494,10,11,100,10,160,2404,6,4977,78,428
495,10,11,100,10,250,2374,7,4988,77,438
496,10,11,100,10,320,2363,8,5002,82,453
497,10,11,100,15,20,1406,4,4637,103,170
498,10,11,100,15,30,1837,4,4905,90,256
499,10,11,100,15,40,1930,4,4932,73,288
500,10,11,100,15,80,1982,4,4922,44,282
501,10,11,100,15,160,1980,3,4917,39,301
502,10,11,100,15,250,1955,2,4919,39,339
503,10,11,100,15,320,1936,3,4916,41,344
504,10,15,15,5,20,3238,22,5338,557,839
505,10,15,15,5,30,3319,18,5337,518,896
506,10,15,15,5,40,3348,16,5331,495,910
507,10,15,15,5,80,3270,15,5264,415,878
508,10,15,15,5,160,3202,12,5208,347,864
509,10,15,15,5,250,3191,12,5187,324,882
510,10,15,15,5,320,3189,12,5186,316,877
511,10,15,15,10,20,2139,6,5052,171,504
512,10,15,15,10,30,2400,4,5125,161,555
513,10,15,15,10,40,2483,4,5136,154,597
514,10,15,15,10,80,2511,5,5089,122,563
515,10,15,15,10,160,2507,4,5067,96,587
516,10,15,15,10,250,2502,4,5056,93,605
517,10,15,15,10,320,2497,4,5059,89,608
518,10,15,15,15,20,1421,5,4753,64,293
519,10,15,15,15,30,1783,3,4950,62,374
520,10,15,15,15,40,1914,4,4999,60,366
521,10,15,15,15,80,1991,3,4984,54,411
522,10,15,15,15,160,1980,3,4966,44,413
523,10,15,15,15,250,1984,3,4964,41,424
524,10,15,15,15,320,1981,3,4961,39,437
525,10,15,30,5,20,2231,1,4839,1,245
526,10,15,30,5,30,2486,1,4965,1,274
527,10,15,30,5,40,2616,1,4980,1,303
528,10,15,30,5,80,2670,1,4964,1,387
529,10,15,30,5,160,2671,1,4953,0,401
530,10,15,30,5,250,2673,1,4956,0,404
531,10,15,30,5,320,2670,1,4957,0,411
532,10,15,30,10,20,1181,2,4540,0,132
533,10,15,30,10,30,1760,2,4829,1,216
534,10,15,30,10,40,1956,2,4883,1,229
535,10,15,30,10,80,2081,1,4904,1,284
536,10,15,30,10,160,2101,1,4900,0,300
537,10,15,30,10,250,2101,2,4900,0,306
538,10,15,30,10,320,2098,2,4898,0,302
539,10,15,30,15,20,545,1,3859,0,94
540,10,15,30,15,30,1160,1,4629,0,112
541,10,15,30,15,40,1438,1,4778,0,154
542,10,15,30,15,80,1607,1,4819,0,214
543,10,15,30,15,160,1630,1,4822,0,227
544,10,15,30,15,250,1632,1,4819,0,232
545,10,15,30,15,320,1625,1,4821,0,234
546,10,15,60,5,20,2541,1,4974,7,321
547,10,15,60,5,30,2736,1,5034,6,375
548,10,15,60,5,40,2826,1,5034,4,401
549,10,15,60,5,80,2848,1,5000,1,421
550,10,15,60,5,160,2831,1,4987,1,479
551,10,15,60,5,250,2831,1,4982,1,491
552,10,15,60,5,320,2837,1,4985,1,454
553,10,15,60,10,20,1462,0,4718,4,173
554,10,15,60,10,30,1955,0,4895,5,229
555,10,15,60,10,40,2099,0,4935,4,289
556,10,15,60,10,80,2200,1,4935,1,322
557,10,15,60,10,160,2220,1,4930,1,307
558,10,15,60,10,250,2202,1,4926,1,348
559,10,15,60,10,320,2215,1,4927,1,334
560,10,15,60,15,20,722,0,4210,2,102
561,10,15,60,15,30,1362,0,4733,2,150
562,10,15,60,15,40,1584,0,4831,2,192
563,10,15,60,15,80,1724,1,4863,1,226
564,10,15,60,15,160,1744,1,4862,1,211
565,10,15,60,15,250,1744,1,4859,1,221
566,10,15,60,15,320,1742,1,4857,1,229
567,10,15,100,5,20,2572,1,4988,7,352
568,10,15,100,5,30,2786,1,5047,6,418
569,10,15,100,5,40,2855,1,5043,4,441
570,10,15,100,5,80,2883,1,5007,3,461
571,10,15,100,5,160,2884,1,4997,2,453
572,10,15,100,5,250,2884,1,4984,1,471
573,10,15,100,5,320,2880,1,4984,1,477
574,10,15,100,10,20,1548,1,4743,4,202
575,10,15,100,10,30,2000,1,4899,6,271
576,10,15,100,10,40,2139,1,4942,4,300
577,10,15,100,10,80,2228,1,4942,2,345
578,10,15,100,10,160,2239,0,4931,2,334
579,10,15,100,10,250,2249,0,4934,1,329
580,10,15,100,10,320,2249,0,4932,1,332
581,10,15,100,15,20,768,0,4299,3,103
582,10,15,100,15,30,1432,0,4765,3,166
583,10,15,100,15,40,1632,0,4841,3,211
584,10,15,100,15,80,1770,0,4875,2,223
585,10,15,100,15,160,1770,0,4866,2,239
586,10,15,100,15,250,1780,0,4867,1,230
587,10,15,100,15,320,1777,1,4863,1,240
588,10,19,15,5,20,2872,7,5249,33,727
589,10,19,15,5,30,2996,5,5276,30,715
590,10,19,15,5,40,3037,3,5261,29,799
591,10,19,15,5,80,3019,3,5218,21,767
592,10,19,15,5,160,2965,3,5159,18,763
593,10,19,15,5,250,2957,3,5140,15,784
594,10,19,15,5,320,2961,3,5137,12,782
595,10,19,15,10,20,1787,2,4925,10,383
596,10,19,15,10,30,2029,2,5007,10,471
597,10,19,15,10,40,2183,4,5036,10,421
598,10,19,15,10,80,2271,2,5040,10,466
599,10,19,15,10,160,2279,2,4995,9,445
600,10,19,15,10,250,2281,2,4992,7,476
601,10,19,15,10,320,2280,2,4989,7,481
602,10,19,15,15,20,1023,1,4515,6,230
603,10,19,15,15,30,1373,1,4765,5,285
604,10,19,15,15,40,1562,3,4831,5,290
605,10,19,15,15,80,1743,1,4894,4,330
606,10,19,15,15,160,1755,1,4873,3,324
607,10,19,15,15,250,1761,1,4869,2,336
608,10,19,15,15,320,1764,1,4867,2,341
609,10,19,30,5,20,1783,1,4836,0,170
610,10,19,30,5,30,2052,1,4915,1,198
611,10,19,30,5,40,2214,1,4931,1,229
612,10,19,30,5,80,2374,1,4918,1,279
613,10,19,30,5,160,2386,1,4907,1,312
614,10,19,30,5,250,2385,1,4909,0,302
615,10,19,30,5,320,2378,1,4907,0,313
616,10,19,30,10,20,677,1,4179,0,101
617,10,19,30,10,30,1204,1,4639,0,117
618,10,19,30,10,40,1497,1,4751,0,154
619,10,19,30,10,80,1778,1,4835,0,209
620,10,19,30,10,160,1813,1,4844,0,212
621,10,19,30,10,250,1809,1,4843,0,226
622,10,19,30,10,320,1812,1,4837,0,228
623,10,19,30,15,20,224,1,2793,0,72
624,10,19,30,15,30,613,1,4179,0,73
625,10,19,30,15,40,913,1,4487,0,87
626,10,19,30,15,80,1291,1,4686,0,127
627,10,19,30,15,160,1313,1,4703,0,139
628,10,19,30,15,250,1303,1,4700,0,149
629,10,19,30,15,320,1307,1,4696,0,158
630,10,19,60,5,20,2129,1,4956,2,231
631,10,19,60,5,30,2341,1,4977,3,284
632,10,19,60,5,40,2464,1,4993,3,295
633,10,19,60,5,80,2585,1,4953,0,351
634,10,19,60,5,160,2572,1,4951,0,369
635,10,19,60,5,250,2570,1,4948,0,380
636,10,19,60,5,320,2580,1,4952,0,357
637,10,19,60,10,20,926,1,4471,1,103
638,10,19,60,10,30,1463,1,4759,2,136
639,10,19,60,10,40,1695,1,4829,1,169
640,10,19,60,10,80,1917,1,4876,0,231
641,10,19,60,10,160,1944,1,4871,0,244
642,10,19,60,10,250,1960,1,4875,0,232
643,10,19,60,10,320,1948,1,4868,0,260
644,10,19,60,15,20,313,1,3362,1,71
645,10,19,60,15,30,798,1,4424,1,79
646,10,19,60,15,40,1108,1,4646,0,103
647,10,19,60,15,80,1429,1,4754,0,125
648,10,19,60,15,160,1440,1,4754,0,173
649,10,19,60,15,250,1439,1,4753,0,174
650,10,19,60,15,320,1445,1,4755,0,157
651,10,19,100,5,20,2209,1,4959,4,254
652,10,19,100,5,30,2408,1,4997,4,307
653,10,19,100,5,40,2536,1,4997,4,317
654,10,19,100,5,80,2625,1,4967,0,380
655,10,19,100,5,160,2634,1,4960,0,382
656,10,19,100,5,250,2633,1,4960,0,384
657,10,19,100,5,320,2632,1,4958,0,384
658,10,19,100,10,20,1017,1,4541,2,115
659,10,19,100,10,30,1551,1,4791,3,148
660,10,19,100,10,40,1756,1,4851,2,188
661,10,19,100,10,80,1967,1,4885,0,246
662,10,19,100,10,160,1994,1,4876,0,239
663,10,19,100,10,250,1998,1,4876,0,246
664,10,19,100,10,320,1997,1,4873,0,258
665,10,19,100,15,20,363,1,3507,1,74
666,10,19,100,15,30,860,1,4478,1,85
667,10,19,100,15,40,1162,1,4664,1,109
668,10,19,100,15,80,1462,1,4762,0,149
669,10,19,100,15,160,1483,1,4763,0,162
670,10,19,100,15,250,1477,1,4760,0,174
671,10,19,100,15,320,1479,1,4762,0,177
672,10,23,15,5,20,2662,2,5211,5,604
673,10,23,15,5,30,2731,1,5211,4,658
674,10,23,15,5,40,2793,1,5196,4,658
675,10,23,15,5,80,2838,1,5180,4,651
676,10,23,15,5,160,2836,1,5129,4,633
677,10,23,15,5,250,2816,1,5102,3,637
678,10,23,15,5,320,2817,1,5101,3,640
679,10,23,15,10,20,1610,1,4855,3,334
680,10,23,15,10,30,1791,2,4911,3,323
681,10,23,15,10,40,1941,2,4951,3,340
682,10,23,15,10,80,2097,1,4982,4,410
683,10,23,15,10,160,2113,1,4964,4,405
684,10,23,15,10,250,2113,1,4953,2,405
685,10,23,15,10,320,2106,1,4953,2,403
686,10,23,15,15,20,873,2,4384,3,183
687,10,23,15,15,30,1112,2,4572,3,204
688,10,23,15,15,40,1317,2,4727,4,219
689,10,23,15,15,80,1519,1,4816,4,260
690,10,23,15,15,160,1560,1,4812,3,269
691,10,23,15,15,250,1557,1,4798,1,268
692,10,23,15,15,320,1560,1,4799,1,271
693,10,23,30,5,20,1488,1,4792,0,175
694,10,23,30,5,30,1692,1,4840,0,172
695,10,23,30,5,40,1870,1,4860,0,174
696,10,23,30,5,80,2108,1,4873,0,202
697,10,23,30,5,160,2150,1,4864,1,214
698,10,23,30,5,250,2151,1,4860,0,225
699,10,23,30,5,320,2148,1,4854,0,222
700,10,23,30,10,20,496,1,3873,0,67
701,10,23,30,10,30,779,1,4293,0,75
702,10,23,30,10,40,1064,1,4551,0,94
703,10,23,30,10,80,1460,1,4751,0,126
704,10,23,30,10,160,1535,1,4760,0,139
705,10,23,30,10,250,1529,1,4755,0,144
706,10,23,30,10,320,1527,1,4756,0,138
707,10,23,30,15,20,149,1,2195,0,51
708,10,23,30,15,30,309,1,3264,0,56
709,10,23,30,15,40,570,1,4026,0,68
710,10,23,30,15,80,994,1,4528,0,76
711,10,23,30,15,160,1080,1,4564,0,82
712,10,23,30,15,250,1078,1,4568,0,83
713,10,23,30,15,320,1072,1,4561,0,83
714,10,23,60,5,20,1842,1,4913,3,208
715,10,23,60,5,30,2016,1,4931,3,211
716,10,23,60,5,40,2153,1,4938,1,227
717,10,23,60,5,80,2332,1,4933,0,265
718,10,23,60,5,160,2367,1,4913,1,270
719,10,23,60,5,250,2382,1,4910,1,257
720,10,23,60,5,320,2367,1,4906,1,277
721,10,23,60,10,20,703,1,4268,1,80
722,10,23,60,10,30,1005,1,4538,2,85
723,10,23,60,10,40,1289,1,4701,0,126
724,10,23,60,10,80,1628,1,4805,0,168
725,10,23,60,10,160,1685,1,4819,1,166
726,10,23,60,10,250,1699,1,4823,1,162
727,10,23,60,10,320,1691,1,4821,1,172
728,10,23,60,15,20,233,1,2804,0,49
729,10,23,60,15,30,444,1,3745,0,56
730,10,23,60,15,40,724,1,4324,0,74
731,10,23,60,15,80,1134,1,4628,0,93
732,10,23,60,15,160,1199,1,4641,1,89
733,10,23,60,15,250,1196,1,4640,1,93
734,10,23,60,15,320,1197,1,4642,1,91
735,10,23,100,5,20,1949,1,4931,2,212
736,10,23,100,5,30,2103,1,4949,1,224
737,10,23,100,5,40,2248,1,4960,1,213
738,10,23,100,5,80,2409,1,4946,1,274
739,10,23,100,5,160,2428,1,4922,0,282
740,10,23,100,5,250,2427,1,4913,1,288
741,10,23,100,5,320,2430,1,4914,1,289
742,10,23,100,10,20,760,1,4365,2,86
743,10,23,100,10,30,1091,1,4600,2,96
744,10,23,100,10,40,1383,1,4739,1,123
745,10,23,100,10,80,1683,1,4814,0,168
746,10,23,100,10,160,1732,1,4831,0,177
747,10,23,100,10,250,1736,1,4828,1,183
748,10,23,100,10,320,1734,1,4825,1,189
749,10,23,100,15,20,238,1,2960,0,57
750,10,23,100,15,30,461,1,3898,1,62
751,10,23,100,15,40,764,1,4401,1,72
752,10,23,100,15,80,1189,1,4659,0,93
753,10,23,100,15,160,1234,1,4660,1,91
754,10,23,100,15,250,1232,1,4656,1,101
755,10,23,100,15,320,1230,1,4653,1,109
756,10,27,15,5,20,2491,0,5185,3,552
757,10,27,15,5,30,2530,2,5194,2,513
758,10,27,15,5,40,2609,2,5174,2,515
759,10,27,15,5,80,2668,0,5139,2,557
760,10,27,15,5,160,2656,0,5092,3,573
761,10,27,15,5,250,2652,0,5078,1,572
762,10,27,15,5,320,2657,0,5075,1,570
763,10,27,15,10,20,1460,0,4788,3,274
764,10,27,15,10,30,1536,0,4818,2,257
765,10,27,15,10,40,1685,0,4884,2,321
766,10,27,15,10,80,1858,0,4930,3,355
767,10,27,15,10,160,1909,0,4915,3,357
768,10,27,15,10,250,1918,0,4912,2,362
769,10,27,15,10,320,1908,0,4914,2,360
770,10,27,15,15,20,797,0,4298,2,164
771,10,27,15,15,30,876,0,4381,1,149
772,10,27,15,15,40,1061,0,4602,2,201
773,10,27,15,15,80,1321,0,4725,2,214
774,10,27,15,15,160,1370,0,4737,4,216
775,10,27,15,15,250,1373,0,4733,1,218
776,10,27,15,15,320,1361,0,4731,2,231
777,10,27,30,5,20,1214,0,4680,0,111
778,10,27,30,5,30,1271,0,4699,0,117
779,10,27,30,5,40,1486,0,4752,0,125
780,10,27,30,5,80,1752,0,4780,0,159
781,10,27,30,5,160,1830,0,4804,1,179
782,10,27,30,5,250,1829,0,4795,0,184
783,10,27,30,5,320,1827,0,4795,0,184
784,10,27,30,10,20,367,0,3588,0,62
785,10,27,30,10,30,458,0,3792,0,70
786,10,27,30,10,40,731,0,4272,0,73
787,10,27,30,10,80,1127,0,4586,0,87
788,10,27,30,10,160,1236,0,4629,0,109
789,10,27,30,10,250,1241,0,4635,0,103
790,10,27,30,10,320,1244,0,4633,0,103
791,10,27,30,15,20,114,0,1883,0,37
792,10,27,30,15,30,165,0,2246,0,35
793,10,27,30,15,40,328,0,3402,0,39
794,10,27,30,15,80,681,0,4288,0,50
795,10,27,30,15,160,802,0,4408,0,60
796,10,27,30,15,250,807,0,4422,0,62
797,10,27,30,15,320,807,0,4415,0,64
798,10,27,60,5,20,1583,0,4823,1,163
799,10,27,60,5,30,1645,0,4839,1,163
800,10,27,60,5,40,1815,0,4857,0,170
801,10,27,60,5,80,2039,0,4869,0,194
802,10,27,60,5,160,2115,0,4870,0,208
803,10,27,60,5,250,2101,0,4867,0,218
804,10,27,60,5,320,2095,0,4867,0,222
805,10,27,60,10,20,543,0,4056,1,74
806,10,27,60,10,30,654,0,4214,0,72
807,10,27,60,10,40,953,0,4480,0,97
808,10,27,60,10,80,1331,0,4689,0,113
809,10,27,60,10,160,1428,0,4712,0,121
810,10,27,60,10,250,1425,0,4713,0,133
811,10,27,60,10,320,1426,0,4711,0,135
812,10,27,60,15,20,172,0,2429,0,42
813,10,27,60,15,30,221,0,2829,0,44
814,10,27,60,15,40,424,0,3845,0,49
815,10,27,60,15,80,803,0,4448,0,70
816,10,27,60,15,160,929,0,4508,0,68
817,10,27,60,15,250,928,0,4514,0,71
818,10,27,60,15,320,929,0,4511,0,77
819,10,27,100,5,20,1689,0,4856,2,170
820,10,27,100,5,30,1763,0,4865,2,172
821,10,27,100,5,40,1910,0,4877,2,175
822,10,27,100,5,80,2098,0,4880,1,217
823,10,27,100,5,160,2160,0,4880,0,219
824,10,27,100,5,250,2159,0,4874,0,224
825,10,27,100,5,320,2171,0,4879,0,212
826,10,27,100,10,20,588,0,4153,1,76
827,10,27,100,10,30,695,0,4314,1,82
828,10,27,100,10,40,1015,0,4555,1,85
829,10,27,100,10,80,1370,0,4718,0,109
830,10,27,100,10,160,1464,0,4731,0,130
831,10,27,100,10,250,1467,0,4734,0,121
832,10,27,100,10,320,1470,0,4734,0,113
833,10,27,100,15,20,184,0,2625,1,38
834,10,27,100,15,30,243,0,3024,0,45
835,10,27,100,15,40,463,0,3958,0,47
836,10,27,100,15,80,865,0,4480,0,69
837,10,27,100,15,160,962,0,4537,0,76
838,10,27,100,15,250,963,0,4537,0,72
839,10,27,100,15,320,968,0,4541,0,76
840,10,31,15,5,20,2268,2,5106,1,478
841,10,31,15,5,30,2281,2,5098,1,491
842,10,31,15,5,40,2319,0,5091,1,520
843,10,31,15,5,80,2423,0,5088,3,532
844,10,31,15,5,160,2452,0,5062,2,544
845,10,31,15,5,250,2449,0,5044,1,534
846,10,31,15,5,320,2449,0,5038,2,534
847,10,31,15,10,20,1327,0,4722,1,223
848,10,31,15,10,30,1334,0,4729,1,247
849,10,31,15,10,40,1445,0,4784,2,264
850,10,31,15,10,80,1633,0,4850,1,308
851,10,31,15,10,160,1704,0,4848,1,315
852,10,31,15,10,250,1714,0,4834,2,314
853,10,31,15,10,320,1709,0,4835,1,322
854,10,31,15,15,20,711,0,4200,2,143
855,10,31,15,15,30,720,0,4171,1,157
856,10,31,15,15,40,874,0,4390,1,157
857,10,31,15,15,80,1107,0,4616,1,149
858,10,31,15,15,160,1169,0,4650,2,163
859,10,31,15,15,250,1171,0,4643,2,156
860,10,31,15,15,320,1175,0,4645,2,161
861,10,31,30,5,20,991,0,4573,0,91
862,10,31,30,5,30,1007,0,4574,0,91
863,10,31,30,5,40,1140,0,4627,0,99
864,10,31,30,5,80,1372,0,4688,0,105
865,10,31,30,5,160,1520,0,4699,0,121
866,10,31,30,5,250,1531,0,4701,0,125
867,10,31,30,5,320,1528,0,4696,0,131
868,10,31,30,10,20,279,0,3211,0,41
869,10,31,30,10,30,296,0,3256,0,41
870,10,31,30,10,40,443,0,3781,0,54
871,10,31,30,10,80,792,0,4339,0,61
872,10,31,30,10,160,943,0,4459,0,59
873,10,31,30,10,250,963,0,4466,0,67
874,10,31,30,10,320,960,0,4468,0,65
875,10,31,30,15,20,80,0,1608,0,38
876,10,31,30,15,30,84,0,1628,0,40
877,10,31,30,15,40,172,0,2547,0,42
878,10,31,30,15,80,425,0,3781,0,41
879,10,31,30,15,160,558,0,4163,0,43
880,10,31,30,15,250,590,0,4205,0,41
881,10,31,30,15,320,589,0,4202,0,39
882,10,31,60,5,20,1359,0,4742,1,97
883,10,31,60,5,30,1372,0,4749,1,97
884,10,31,60,5,40,1499,0,4770,0,110
885,10,31,60,5,80,1722,0,4785,0,133
886,10,31,60,5,160,1812,0,4803,0,139
887,10,31,60,5,250,1833,0,4803,0,139
888,10,31,60,5,320,1830,0,4802,0,137
889,10,31,60,10,20,420,0,3753,0,51
890,10,31,60,10,30,434,0,3794,0,51
891,10,31,60,10,40,619,0,4179,0,57
892,10,31,60,10,80,982,0,4520,0,61
893,10,31,60,10,160,1116,0,4593,0,70
894,10,31,60,10,250,1133,0,4594,0,71
895,10,31,60,10,320,1135,0,4595,0,71
896,10,31,60,15,20,131,0,2075,0,37
897,10,31,60,15,30,140,0,2137,0,35
898,10,31,60,15,40,237,0,3109,0,37
899,10,31,60,15,80,549,0,4129,0,41
900,10,31,60,15,160,697,0,4329,0,43
901,10,31,60,15,250,703,0,4330,0,49
902,10,31,60,15,320,704,0,4335,0,45
903,10,31,100,5,20,1461,0,4789,1,102
904,10,31,100,5,30,1473,0,4788,1,98
905,10,31,100,5,40,1589,0,4811,0,120
906,10,31,100,5,80,1812,0,4815,0,133
907,10,31,100,5,160,1881,0,4823,0,151
908,10,31,100,5,250,1900,0,4816,0,147
909,10,31,100,5,320,1901,0,4820,0,148
910,10,31,100,10,20,464,0,3893,1,55
911,10,31,100,10,30,478,0,3925,0,55
912,10,31,100,10,40,687,0,4279,0,59
913,10,31,100,10,80,1045,0,4578,0,79
914,10,31,100,10,160,1164,0,4633,0,74
915,10,31,100,10,250,1176,0,4631,0,74
916,10,31,100,10,320,1173,0,4634,0,75
917,10,31,100,15,20,136,0,2187,0,38
918,10,31,100,15,30,137,0,2244,0,38
919,10,31,100,15,40,246,0,3254,0,36
920,10,31,100,15,80,580,0,4213,0,44
921,10,31,100,15,160,715,0,4384,0,49
922,10,31,100,15,250,726,0,4394,0,53
923,10,31,100,15,320,727,0,4392,0,41
924,14,15,15,5,20,2693,14,5205,446,688
925,14,15,15,5,30,2839,14,5270,431,725
926,14,15,15,5,40,2908,12,5277,413,752
927,14,15,15,5,80,2906,10,5220,356,742
928,14,15,15,5,160,2868,10,5164,286,746
929,14,15,15,5,250,2870,10,5155,263,762
930,14,15,15,5,320,2861,10,5153,255,772
931,14,15,15,10,20,1453,3,4778,126,344
932,14,15,15,10,30,1824,2,4955,122,399
933,14,15,15,10,40,1961,2,5019,116,412
934,14,15,15,10,80,2052,1,5003,100,454
935,14,15,15,10,160,2046,1,4988,79,453
936,14,15,15,10,250,2059,1,4981,68,460
937,14,15,15,10,320,2049,1,4980,68,471
938,14,15,15,15,20,767,2,4225,45,182
939,14,15,15,15,30,1161,2,4645,47,212
940,14,15,15,15,40,1367,4,4771,45,229
941,14,15,15,15,80,1505,1,4819,41,285
942,14,15,15,15,160,1506,1,4806,36,296
943,14,15,15,15,250,1500,1,4800,31,308
944,14,15,15,15,320,1500,1,4803,32,314
945,14,15,30,5,20,1557,1,4582,0,199
946,14,15,30,5,30,1953,1,4844,1,228
947,14,15,30,5,40,2161,1,4915,1,256
948,14,15,30,5,80,2320,1,4922,1,292
949,14,15,30,5,160,2312,1,4911,0,317
950,14,15,30,5,250,2303,1,4910,0,319
951,14,15,30,5,320,2309,1,4908,0,325
952,14,15,30,10,20,502,1,3711,0,88
953,14,15,30,10,30,1040,1,4532,0,120
954,14,15,30,10,40,1373,1,4733,1,157
955,14,15,30,10,80,1628,1,4822,1,194
956,14,15,30,10,160,1650,1,4816,0,216
957,14,15,30,10,250,1649,1,4815,0,221
958,14,15,30,10,320,1648,1,4815,0,225
959,14,15,30,15,20,143,1,2141,0,71
960,14,15,30,15,30,494,1,3893,0,76
961,14,15,30,15,40,836,1,4433,0,89
962,14,15,30,15,80,1151,1,4630,1,138
963,14,15,30,15,160,1159,1,4633,0,146
964,14,15,30,15,250,1148,1,4629,0,142
965,14,15,30,15,320,1154,1,4629,0,148
966,14,15,60,5,20,1891,2,4774,4,237
967,14,15,60,5,30,2213,2,4942,4,279
968,14,15,60,5,40,2360,1,4980,3,328
969,14,15,60,5,80,2467,2,4960,2,360
970,14,15,60,5,160,2480,2,4949,1,351
971,14,15,60,5,250,2461,1,4944,1,389
972,14,15,60,5,320,2473,1,4946,1,361
973,14,15,60,10,20,687,1,4105,3,110
974,14,15,60,10,30,1254,1,4668,1,146
975,14,15,60,10,40,1530,1,4803,2,174
976,14,15,60,10,80,1755,2,4853,2,243
977,14,15,60,10,160,1770,2,4847,1,251
978,14,15,60,10,250,1780,1,4847,1,233
979,14,15,60,10,320,1774,1,4849,1,237
980,14,15,60,15,20,207,1,2659,2,66
981,14,15,60,15,30,606,1,4182,1,89
982,14,15,60,15,40,977,1,4555,1,114
983,14,15,60,15,80,1243,1,4676,1,159
984,14,15,60,15,160,1249,1,4675,1,147
985,14,15,60,15,250,1249,1,4673,1,146
986,14,15,60,15,320,1240,1,4672,1,168
987,14,15,100,5,20,1986,2,4810,4,269
988,14,15,100,5,30,2271,1,4960,5,330
989,14,15,100,5,40,2412,1,4994,3,358
990,14,15,100,5,80,2519,2,4967,2,379
991,14,15,100,5,160,2522,2,4955,1,380
992,14,15,100,5,250,2520,1,4949,1,374
993,14,15,100,5,320,2497,1,4948,1,407
994,14,15,100,10,20,740,1,4181,2,108
995,14,15,100,10,30,1347,1,4711,2,145
996,14,15,100,10,40,1593,1,4816,3,176
997,14,15,100,10,80,1794,2,4864,1,259
998,14,15,100,10,160,1811,2,4857,1,251
999,14,15,100,10,250,1805,1,4854,1,261
1000,14,15,100,10,320,1803,1,4856,1,269
1001,14,15,100,15,20,241,1,2796,2,69
1002,14,15,100,15,30,674,1,4301,2,92
1003,14,15,100,15,40,1032,1,4596,2,116
1004,14,15,100,15,80,1273,1,4682,1,160
1005,14,15,100,15,160,1285,1,4678,1,152
1006,14,15,100,15,250,1281,1,4676,1,159
1007,14,15,100,15,320,1288,1,4675,1,150
1008,14,19,15,5,20,2354,2,5128,23,595
1009,14,19,15,5,30,2493,2,5151,23,619
1010,14,19,15,5,40,2587,2,5164,22,652
1011,14,19,15,5,80,2643,2,5148,16,630
1012,14,19,15,5,160,2628,3,5090,13,613
1013,14,19,15,5,250,2636,3,5087,11,645
1014,14,19,15,5,320,2624,2,5084,11,637
1015,14,19,15,10,20,1128,1,4637,7,266
1016,14,19,15,10,30,1408,1,4774,8,309
1017,14,19,15,10,40,1606,1,4855,8,344
1018,14,19,15,10,80,1794,1,4909,7,375
1019,14,19,15,10,160,1839,1,4890,6,376
1020,14,19,15,10,250,1835,1,4890,5,389
1021,14,19,15,10,320,1825,1,4891,7,388
1022,14,19,15,15,20,538,0,3866,3,171
1023,14,19,15,15,30,799,2,4351,3,168
1024,14,19,15,15,40,1025,0,4580,3,202
1025,14,19,15,15,80,1244,0,4692,3,210
1026,14,19,15,15,160,1271,0,4679,2,210
1027,14,19,15,15,250,1266,0,4680,2,220
1028,14,19,15,15,320,1269,0,4682,3,222
1029,14,19,30,5,20,1149,1,4560,0,134
1030,14,19,30,5,30,1454,1,4737,0,166
1031,14,19,30,5,40,1716,1,4809,0,181
1032,14,19,30,5,80,1998,1,4857,1,206
1033,14,19,30,5,160,2028,1,4867,0,232
1034,14,19,30,5,250,2025,1,4869,0,235
1035,14,19,30,5,320,2038,1,4868,0,244
1036,14,19,30,10,20,244,0,2964,0,67
1037,14,19,30,10,30,533,0,3981,0,70
1038,14,19,30,10,40,857,0,4417,0,91
1039,14,19,30,10,80,1319,0,4699,0,130
1040,14,19,30,10,160,1355,0,4714,0,140
1041,14,19,30,10,250,1362,0,4706,0,141
1042,14,19,30,10,320,1359,0,4705,0,140
1043,14,19,30,15,20,75,0,1300,0,53
1044,14,19,30,15,30,191,0,2630,0,47
1045,14,19,30,15,40,399,0,3762,0,66
1046,14,19,30,15,80,815,0,4444,0,75
1047,14,19,30,15,160,863,0,4480,0,76
1048,14,19,30,15,250,865,0,4489,0,82
1049,14,19,30,15,320,866,0,4479,0,79
1050,14,19,60,5,20,1474,2,4751,2,174
1051,14,19,60,5,30,1786,2,4859,2,190
1052,14,19,60,5,40,1987,2,4901,1,212
1053,14,19,60,5,80,2184,1,4914,0,260
1054,14,19,60,5,160,2217,1,4914,0,236
1055,14,19,60,5,250,2203,2,4904,0,268
1056,14,19,60,5,320,2205,2,4905,0,265
1057,14,19,60,10,20,369,0,3541,0,72
1058,14,19,60,10,30,717,0,4295,0,81
1059,14,19,60,10,40,1063,0,4612,0,115
1060,14,19,60,10,80,1460,0,4757,0,157
1061,14,19,60,10,160,1503,0,4762,0,160
1062,14,19,60,10,250,1510,0,4760,0,152
1063,14,19,60,10,320,1498,0,4753,0,174
1064,14,19,60,15,20,113,0,1669,0,54
1065,14,19,60,15,30,254,0,3131,0,57
1066,14,19,60,15,40,520,0,4069,0,80
1067,14,19,60,15,80,924,0,4524,0,80
1068,14,19,60,15,160,963,0,4537,0,88
1069,14,19,60,15,250,963,0,4538,0,96
1070,14,19,60,15,320,965,0,4538,0,98
1071,14,19,100,5,20,1585,2,4795,1,170
1072,14,19,100,5,30,1872,1,4879,3,188
1073,14,19,100,5,40,2064,1,4917,2,224
1074,14,19,100,5,80,2268,2,4927,0,245
1075,14,19,100,5,160,2262,2,4912,0,286
1076,14,19,100,5,250,2261,1,4913,0,283
1077,14,19,100,5,320,2263,1,4912,0,282
1078,14,19,100,10,20,395,0,3681,1,69
1079,14,19,100,10,30,780,0,4396,2,81
1080,14,19,100,10,40,1137,0,4648,2,115
1081,14,19,100,10,80,1491,0,4775,0,166
1082,14,19,100,10,160,1525,0,4775,0,170
1083,14,19,100,10,250,1526,0,4775,0,180
1084,14,19,100,10,320,1524,0,4774,0,183
1085,14,19,100,15,20,118,0,1761,2,53
1086,14,19,100,15,30,281,0,3313,0,62
1087,14,19,100,15,40,568,0,4156,0,82
1088,14,19,100,15,80,955,0,4545,0,84
1089,14,19,100,15,160,999,0,4557,0,86
1090,14,19,100,15,250,992,0,4555,0,96
1091,14,19,100,15,320,991,0,4553,0,98
1092,14,23,15,5,20,2161,0,5064,4,515
1093,14,23,15,5,30,2248,0,5073,4,532
1094,14,23,15,5,40,2347,0,5091,4,562
1095,14,23,15,5,80,2472,0,5098,4,558
1096,14,23,15,5,160,2481,0,5058,3,557
1097,14,23,15,5,250,2489,0,5035,3,557
1098,14,23,15,5,320,2476,0,5035,2,565
1099,14,23,15,10,20,1043,1,4537,4,208
1100,14,23,15,10,30,1183,0,4635,4,216
1101,14,23,15,10,40,1371,1,4767,5,222
1102,14,23,15,10,80,1629,0,4865,4,290
1103,14,23,15,10,160,1665,0,4858,4,300
1104,14,23,15,10,250,1649,0,4848,3,310
1105,14,23,15,10,320,1657,0,4847,3,298
1106,14,23,15,15,20,479,0,3679,3,139
1107,14,23,15,15,30,599,1,3977,3,135
1108,14,23,15,15,40,781,1,4334,3,129
1109,14,23,15,15,80,1035,0,4591,4,181
1110,14,23,15,15,160,1069,0,4607,4,172
1111,14,23,15,15,250,1072,0,4601,3,174
1112,14,23,15,15,320,1077,0,4605,2,164
1113,14,23,30,5,20,908,0,4434,1,109
1114,14,23,30,5,30,1038,0,4570,1,114
1115,14,23,30,5,40,1343,0,4701,1,119
1116,14,23,30,5,80,1688,0,4789,1,170
1117,14,23,30,5,160,1791,0,4805,2,177
1118,14,23,30,5,250,1784,0,4797,0,176
1119,14,23,30,5,320,1774,0,4799,1,189
1120,14,23,30,10,20,189,0,2495,1,64
1121,14,23,30,10,30,279,0,3170,1,71
1122,14,23,30,10,40,538,0,3978,1,64
1123,14,23,30,10,80,1009,0,4513,1,96
1124,14,23,30,10,160,1100,0,4575,1,102
1125,14,23,30,10,250,1097,0,4581,0,102
1126,14,23,30,10,320,1099,0,4580,0,99
1127,14,23,30,15,20,41,0,1022,1,44
1128,14,23,30,15,30,77,0,1557,1,46
1129,14,23,30,15,40,201,0,2797,0,40
1130,14,23,30,15,80,564,0,4127,0,48
1131,14,23,30,15,160,638,0,4290,0,50
1132,14,23,30,15,250,644,0,4303,0,46
1133,14,23,30,15,320,644,0,4307,0,49
1134,14,23,60,5,20,1188,0,4678,3,125
1135,14,23,60,5,30,1361,0,4751,2,137
1136,14,23,60,5,40,1613,0,4811,2,159
1137,14,23,60,5,80,1907,0,4867,2,186
1138,14,23,60,5,160,1958,0,4859,2,219
1139,14,23,60,5,250,1961,0,4856,2,222
1140,14,23,60,5,320,1964,0,4856,2,217
1141,14,23,60,10,20,279,0,3111,1,76
1142,14,23,60,10,30,418,0,3696,1,83
1143,14,23,60,10,40,689,0,4274,1,72
1144,14,23,60,10,80,1154,0,4629,1,101
1145,14,23,60,10,160,1224,0,4649,2,97
1146,14,23,60,10,250,1235,0,4650,2,99
1147,14,23,60,10,320,1230,0,4643,2,105
1148,14,23,60,15,20,64,0,1293,1,54
1149,14,23,60,15,30,122,0,1949,1,51
1150,14,23,60,15,40,269,0,3291,1,52
1151,14,23,60,15,80,642,0,4302,1,56
1152,14,23,60,15,160,722,0,4385,2,57
1153,14,23,60,15,250,726,0,4384,2,53
1154,14,23,60,15,320,725,0,4382,2,61
1155,14,23,100,5,20,1308,0,4735,3,138
1156,14,23,100,5,30,1458,0,4794,3,143
1157,14,23,100,5,40,1717,0,4838,3,181
1158,14,23,100,5,80,1987,0,4875,2,206
1159,14,23,100,5,160,2029,0,4865,2,223
1160,14,23,100,5,250,2035,0,4858,2,231
1161,14,23,100,5,320,2029,0,4855,2,239
1162,14,23,100,10,20,294,0,3279,2,76
1163,14,23,100,10,30,440,0,3835,1,78
1164,14,23,100,10,40,749,0,4360,1,76
1165,14,23,100,10,80,1204,0,4664,2,109
1166,14,23,100,10,160,1265,0,4675,2,95
1167,14,23,100,10,250,1266,0,4669,2,107
1168,14,23,100,10,320,1267,0,4668,2,115
1169,14,23,100,15,20,77,0,1361,1,44
1170,14,23,100,15,30,131,0,2064,1,53
1171,14,23,100,15,40,290,0,3419,1,56
1172,14,23,100,15,80,689,0,4349,2,60
1173,14,23,100,15,160,764,0,4407,2,56
1174,14,23,100,15,250,762,0,4405,2,53
1175,14,23,100,15,320,762,0,4402,2,61
1176,14,27,15,5,20,1992,0,5034,1,448
1177,14,27,15,5,30,2035,0,5036,2,458
1178,14,27,15,5,40,2114,0,5049,2,487
1179,14,27,15,5,80,2275,0,5058,2,468
1180,14,27,15,5,160,2293,0,5028,1,474
1181,14,27,15,5,250,2295,0,5012,2,471
1182,14,27,15,5,320,2291,0,5007,2,485
1183,14,27,15,10,20,905,0,4448,1,219
1184,14,27,15,10,30,939,0,4482,1,217
1185,14,27,15,10,40,1124,0,4635,2,234
1186,14,27,15,10,80,1403,0,4773,2,247
1187,14,27,15,10,160,1450,0,4773,2,237
1188,14,27,15,10,250,1460,0,4769,2,251
1189,14,27,15,10,320,1452,0,4766,2,246
1190,14,27,15,15,20,421,0,3541,2,128
1191,14,27,15,15,30,467,0,3659,2,118
1192,14,27,15,15,40,605,0,4078,2,126
1193,14,27,15,15,80,870,0,4470,2,138
1194,14,27,15,15,160,940,0,4503,2,137
1195,14,27,15,15,250,942,0,4508,2,134
1196,14,27,15,15,320,937,0,4503,2,130
1197,14,27,30,5,20,732,0,4282,0,74
1198,14,27,30,5,30,796,0,4345,0,78
1199,14,27,30,5,40,967,0,4511,0,89
1200,14,27,30,5,80,1336,0,4680,0,99
1201,14,27,30,5,160,1466,0,4699,0,123
1202,14,27,30,5,250,1487,0,4705,0,131
1203,14,27,30,5,320,1482,0,4698,0,130
1204,14,27,30,10,20,137,0,2138,0,52
1205,14,27,30,10,30,160,0,2388,0,51
1206,14,27,30,10,40,295,0,3335,0,47
1207,14,27,30,10,80,685,0,4255,0,53
1208,14,27,30,10,160,811,0,4412,0,66
1209,14,27,30,10,250,842,0,4431,0,64
1210,14,27,30,10,320,837,0,4426,0,65
1211,14,27,30,15,20,32,0,859,0,41
1212,14,27,30,15,30,44,0,969,0,43
1213,14,27,30,15,40,87,0,1818,0,49
1214,14,27,30,15,80,320,0,3663,0,43
1215,14,27,30,15,160,449,0,4094,0,45
1216,14,27,30,15,250,454,0,4126,0,47
1217,14,27,30,15,320,455,0,4128,0,50
1218,14,27,60,5,20,1035,0,4573,1,96
1219,14,27,60,5,30,1082,0,4604,1,98
1220,14,27,60,5,40,1277,0,4689,0,108
1221,14,27,60,5,80,1600,0,4761,0,141
1222,14,27,60,5,160,1709,0,4783,0,152
1223,14,27,60,5,250,1718,0,4779,0,143
1224,14,27,60,5,320,1712,0,4779,0,153
1225,14,27,60,10,20,212,0,2751,0,57
1226,14,27,60,10,30,249,0,2980,0,59
1227,14,27,60,10,40,397,0,3770,0,50
1228,14,27,60,10,80,821,0,4439,0,68
1229,14,27,60,10,160,955,0,4526,0,66
1230,14,27,60,10,250,970,0,4534,0,63
1231,14,27,60,10,320,967,0,4535,0,67
1232,14,27,60,15,20,48,0,1098,0,35
1233,14,27,60,15,30,62,0,1263,0,33
1234,14,27,60,15,40,127,0,2296,0,37
1235,14,27,60,15,80,398,0,3938,0,44
1236,14,27,60,15,160,509,0,4202,0,44
1237,14,27,60,15,250,513,0,4210,0,44
1238,14,27,60,15,320,515,0,4206,0,44
1239,14,27,100,5,20,1105,0,4630,1,93
1240,14,27,100,5,30,1163,0,4663,0,97
1241,14,27,100,5,40,1382,0,4728,1,112
1242,14,27,100,5,80,1690,0,4791,0,150
1243,14,27,100,5,160,1784,0,4805,0,149
1244,14,27,100,5,250,1779,0,4793,0,165
1245,14,27,100,5,320,1773,0,4794,0,173
1246,14,27,100,10,20,219,0,2898,1,45
1247,14,27,100,10,30,255,0,3135,1,48
1248,14,27,100,10,40,427,0,3913,1,55
1249,14,27,100,10,80,874,0,4491,0,70
1250,14,27,100,10,160,998,0,4559,0,71
1251,14,27,100,10,250,1002,0,4559,0,71
1252,14,27,100,10,320,1004,0,4563,0,70
1253,14,27,100,15,20,48,0,1144,0,35
1254,14,27,100,15,30,65,0,1296,0,39
1255,14,27,100,15,40,132,0,2435,0,39
1256,14,27,100,15,80,426,0,4036,0,34
1257,14,27,100,15,160,541,0,4243,0,44
1258,14,27,100,15,250,548,0,4246,0,43
1259,14,27,100,15,320,546,0,4251,0,36
1260,14,31,15,5,20,1843,0,4963,2,392
1261,14,31,15,5,30,1839,0,4959,2,391
1262,14,31,15,5,40,1894,0,4983,2,387
1263,14,31,15,5,80,2052,0,4987,1,421
1264,14,31,15,5,160,2098,0,4951,3,443
1265,14,31,15,5,250,2104,0,4946,3,441
1266,14,31,15,5,320,2104,0,4941,3,440
1267,14,31,15,10,20,838,0,4327,1,165
1268,14,31,15,10,30,840,0,4323,1,166
1269,14,31,15,10,40,960,0,4460,1,161
1270,14,31,15,10,80,1191,0,4666,1,185
1271,14,31,15,10,160,1255,0,4695,2,181
1272,14,31,15,10,250,1258,0,4699,2,178
1273,14,31,15,10,320,1254,0,4692,2,178
1274,14,31,15,15,20,359,0,3362,1,103
1275,14,31,15,15,30,363,0,3375,1,103
1276,14,31,15,15,40,458,0,3720,1,94
1277,14,31,15,15,80,708,0,4283,1,101
1278,14,31,15,15,160,777,0,4398,1,100
1279,14,31,15,15,250,791,0,4402,2,98
1280,14,31,15,15,320,789,0,4402,2,101
1281,14,31,30,5,20,576,0,4093,0,59
1282,14,31,30,5,30,575,0,4107,0,59
1283,14,31,30,5,40,690,0,4261,0,60
1284,14,31,30,5,80,987,0,4512,0,74
1285,14,31,30,5,160,1152,0,4561,0,92
1286,14,31,30,5,250,1177,0,4569,0,85
1287,14,31,30,5,320,1187,0,4580,0,87
1288,14,31,30,10,20,99,0,1830,0,37
1289,14,31,30,10,30,97,0,1866,0,37
1290,14,31,30,10,40,156,0,2472,0,39
1291,14,31,30,10,80,405,0,3770,0,40
1292,14,31,30,10,160,586,0,4154,0,44
1293,14,31,30,10,250,603,0,4187,0,42
1294,14,31,30,10,320,612,0,4184,0,44
1295,14,31,30,15,20,27,0,710,0,35
1296,14,31,30,15,30,29,0,713,0,37
1297,14,31,30,15,40,44,0,1100,0,33
1298,14,31,30,15,80,179,0,2872,0,34
1299,14,31,30,15,160,289,0,3721,0,37
1300,14,31,30,15,250,299,0,3851,0,35
1301,14,31,30,15,320,297,0,3847,0,39
1302,14,31,60,5,20,836,0,4413,0,68
1303,14,31,60,5,30,825,0,4417,0,70
1304,14,31,60,5,40,973,0,4514,0,74
1305,14,31,60,5,80,1265,0,4667,0,93
1306,14,31,60,5,160,1417,0,4693,0,112
1307,14,31,60,5,250,1433,0,4692,0,109
1308,14,31,60,5,320,1430,0,4690,0,101
1309,14,31,60,10,20,143,0,2380,0,33
1310,14,31,60,10,30,151,0,2419,0,33
1311,14,31,60,10,40,225,0,3077,0,33
1312,14,31,60,10,80,531,0,4110,0,43
1313,14,31,60,10,160,707,0,4337,0,50
1314,14,31,60,10,250,718,0,4353,0,51
1315,14,31,60,10,320,722,0,4349,0,47
1316,14,31,60,15,20,41,0,924,0,29
1317,14,31,60,15,30,42,0,928,0,27
1318,14,31,60,15,40,68,0,1429,0,27
1319,14,31,60,15,80,227,0,3333,0,35
1320,14,31,60,15,160,344,0,3975,0,31
1321,14,31,60,15,250,352,0,4019,0,29
1322,14,31,60,15,320,352,0,4021,0,29
1323,14,31,100,5,20,910,0,4505,0,76
1324,14,31,100,5,30,915,0,4502,0,78
1325,14,31,100,5,40,1050,0,4584,0,82
1326,14,31,100,5,80,1350,0,4702,0,110
1327,14,31,100,5,160,1476,0,4723,0,113
1328,14,31,100,5,250,1476,0,4723,0,110
1329,14,31,100,5,320,1475,0,4721,0,117
1330,14,31,100,10,20,165,0,2537,0,37
1331,14,31,100,10,30,168,0,2562,0,35
1332,14,31,100,10,40,231,0,3235,0,41
1333,14,31,100,10,80,573,0,4197,0,45
1334,14,31,100,10,160,737,0,4388,0,49
1335,14,31,100,10,250,747,0,4398,0,50
1336,14,31,100,10,320,755,0,4397,0,43
1337,14,31,100,15,20,37,0,944,0,29
1338,14,31,100,15,30,37,0,963,0,31
1339,14,31,100,15,40,59,0,1454,0,27
1340,14,31,100,15,80,233,0,3480,0,31
1341,14,31,100,15,160,359,0,4013,0,25
1342,14,31,100,15,250,364,0,4053,0,28
1343,14,31,100,15,320,366,0,4054,0,31
1344,18,19,15,5,20,1926,0,4976,22,461
1345,18,19,15,5,30,2072,1,5027,21,476
1346,18,19,15,5,40,2177,1,5064,22,511
1347,18,19,15,5,80,2350,1,5074,18,510
1348,18,19,15,5,160,2372,0,5021,11,494
1349,18,19,15,5,250,2371,0,5009,9,497
1350,18,19,15,5,320,2365,0,5012,8,495
1351,18,19,15,10,20,759,1,4244,7,195
1352,18,19,15,10,30,973,1,4473,7,213
1353,18,19,15,10,40,1205,1,4671,7,237
1354,18,19,15,10,80,1436,1,4778,7,265
1355,18,19,15,10,160,1470,1,4778,6,255
1356,18,19,15,10,250,1459,0,4775,4,262
1357,18,19,15,10,320,1466,0,4772,6,267
1358,18,19,15,15,20,307,1,3086,3,131
1359,18,19,15,15,30,441,1,3658,4,125
1360,18,19,15,15,40,630,0,4198,4,123
1361,18,19,15,15,80,893,0,4487,3,120
1362,18,19,15,15,160,925,0,4496,1,127
1363,18,19,15,15,250,929,0,4499,2,125
1364,18,19,15,15,320,925,0,4492,3,127
1365,18,19,30,5,20,653,1,4065,0,99
1366,18,19,30,5,30,938,0,4405,0,101
1367,18,19,30,5,40,1267,0,4642,0,127
1368,18,19,30,5,80,1643,0,4782,0,170
1369,18,19,30,5,160,1722,0,4801,0,183
1370,18,19,30,5,250,1726,0,4803,0,184
1371,18,19,30,5,320,1723,0,4800,0,188
1372,18,19,30,10,20,107,1,1773,0,44
1373,18,19,30,10,30,220,0,2789,0,45
1374,18,19,30,10,40,460,0,3781,0,55
1375,18,19,30,10,80,940,0,4500,0,79
1376,18,19,30,10,160,1015,0,4553,0,85
1377,18,19,30,10,250,1013,0,4546,0,95
1378,18,19,30,10,320,1014,0,4546,0,99
1379,18,19,30,15,20,32,1,726,0,28
1380,18,19,30,15,30,65,0,1273,0,36
1381,18,19,30,15,40,161,0,2499,0,39
1382,18,19,30,15,80,514,0,4137,0,44
1383,18,19,30,15,160,562,0,4241,0,54
1384,18,19,30,15,250,563,0,4242,0,54
1385,18,19,30,15,320,555,0,4235,0,56
1386,18,19,60,5,20,955,1,4425,0,104
1387,18,19,60,5,30,1248,0,4646,0,127
1388,18,19,60,5,40,1520,0,4785,0,161
1389,18,19,60,5,80,1851,0,4861,0,184
1390,18,19,60,5,160,1895,0,4854,0,208
1391,18,19,60,5,250,1907,0,4864,0,198
1392,18,19,60,5,320,1894,0,4856,0,221
1393,18,19,60,10,20,163,0,2264,0,54
1394,18,19,60,10,30,316,0,3333,0,56
1395,18,19,60,10,40,582,0,4159,0,80
1396,18,19,60,10,80,1054,0,4585,0,92
1397,18,19,60,10,160,1113,0,4606,0,89
1398,18,19,60,10,250,1116,0,4602,0,97
1399,18,19,60,10,320,1113,0,4600,0,108
1400,18,19,60,15,20,41,1,885,0,40
1401,18,19,60,15,30,91,0,1610,0,41
1402,18,19,60,15,40,208,0,3000,0,48
1403,18,19,60,15,80,566,0,4242,0,55
1404,18,19,60,15,160,622,0,4293,0,48
1405,18,19,60,15,250,624,0,4291,0,52
1406,18,19,60,15,320,625,0,4289,0,59
1407,18,19,100,5,20,1045,0,4513,2,132
1408,18,19,100,5,30,1335,0,4689,2,146
1409,18,19,100,5,40,1620,0,4812,2,180
1410,18,19,100,5,80,1908,0,4865,1,198
1411,18,19,100,5,160,1957,0,4867,0,222
1412,18,19,100,5,250,1969,0,4870,0,204
1413,18,19,100,5,320,1951,0,4865,0,243
1414,18,19,100,10,20,175,0,2435,2,50
1415,18,19,100,10,30,341,0,3471,1,58
1416,18,19,100,10,40,632,0,4246,0,76
1417,18,19,100,10,80,1110,0,4607,0,97
1418,18,19,100,10,160,1161,0,4630,0,81
1419,18,19,100,10,250,1164,0,4626,0,86
1420,18,19,100,10,320,1157,0,4616,0,110
1421,18,19,100,15,20,46,1,921,1,38
1422,18,19,100,15,30,100,0,1653,0,39
1423,18,19,100,15,40,233,0,3142,0,44
1424,18,19,100,15,80,596,0,4284,0,58
1425,18,19,100,15,160,648,0,4326,0,57
1426,18,19,100,15,250,654,0,4327,0,52
1427,18,19,100,15,320,650,0,4321,0,63
1428,18,23,15,5,20,1802,1,4952,6,356
1429,18,23,15,5,30,1843,0,4966,5,408
1430,18,23,15,5,40,1946,0,5009,5,428
1431,18,23,15,5,80,2127,0,5040,6,461
1432,18,23,15,5,160,2177,0,5010,4,460
1433,18,23,15,5,250,2166,0,5001,3,454
1434,18,23,15,5,320,2162,0,4998,2,457
1435,18,23,15,10,20,645,1,4092,3,154
1436,18,23,15,10,30,759,1,4239,3,178
1437,18,23,15,10,40,953,1,4475,4,168
1438,18,23,15,10,80,1233,0,4703,3,230
1439,18,23,15,10,160,1271,0,4719,3,215
1440,18,23,15,10,250,1278,0,4715,3,219
1441,18,23,15,10,320,1273,0,4714,3,222
1442,18,23,15,15,20,262,0,2889,1,114
1443,18,23,15,15,30,315,0,3198,1,110
1444,18,23,15,15,40,453,0,3803,1,115
1445,18,23,15,15,80,701,0,4338,2,114
1446,18,23,15,15,160,769,0,4391,1,114
1447,18,23,15,15,250,768,0,4388,2,116
1448,18,23,15,15,320,763,0,4385,2,115
1449,18,23,30,5,20,504,0,3943,1,79
1450,18,23,30,5,30,626,0,4142,1,74
1451,18,23,30,5,40,878,0,4398,1,85
1452,18,23,30,5,80,1307,0,4671,1,105
1453,18,23,30,5,160,1422,0,4713,0,136
1454,18,23,30,5,250,1429,0,4708,1,131
1455,18,23,30,5,320,1426,0,4703,1,139
1456,18,23,30,10,20,74,0,1452,1,39
1457,18,23,30,10,30,105,0,1879,1,41
1458,18,23,30,10,40,233,0,2966,1,47
1459,18,23,30,10,80,662,0,4251,0,49
1460,18,23,30,10,160,772,0,4387,1,55
1461,18,23,30,10,250,774,0,4402,1,54
1462,18,23,30,10,320,773,0,4403,1,56
1463,18,23,30,15,20,14,0,609,1,32
1464,18,23,30,15,30,29,0,767,1,40
1465,18,23,30,15,40,66,0,1479,1,36
1466,18,23,30,15,80,288,0,3623,0,43
1467,18,23,30,15,160,384,0,4036,0,43
1468,18,23,30,15,250,378,0,4046,0,40
1469,18,23,30,15,320,379,0,4059,0,46
1470,18,23,60,5,20,760,0,4337,1,104
1471,18,23,60,5,30,889,0,4461,1,98
1472,18,23,60,5,40,1137,0,4643,2,121
1473,18,23,60,5,80,1530,0,4767,1,150
1474,18,23,60,5,160,1620,0,4787,1,156
1475,18,23,60,5,250,1629,0,4788,1,174
1476,18,23,60,5,320,1627,0,4785,1,180
1477,18,23,60,10,20,118,0,1891,1,47
1478,18,23,60,10,30,160,0,2427,1,52
1479,18,23,60,10,40,323,0,3485,1,53
1480,18,23,60,10,80,743,0,4392,1,66
1481,18,23,60,10,160,851,0,4476,1,69
1482,18,23,60,10,250,858,0,4483,1,69
1483,18,23,60,10,320,859,0,4475,1,71
1484,18,23,60,15,20,31,0,746,1,36
1485,18,23,60,15,30,42,0,969,1,36
1486,18,23,60,15,40,96,0,1867,1,37
1487,18,23,60,15,80,353,0,3922,1,43
1488,18,23,60,15,160,438,0,4129,1,39
1489,18,23,60,15,250,441,0,4134,1,41
1490,18,23,60,15,320,442,0,4135,1,39
1491,18,23,100,5,20,823,0,4432,1,94
1492,18,23,100,5,30,959,0,4546,1,94
1493,18,23,100,5,40,1233,0,4673,2,113
1494,18,23,100,5,80,1610,0,4790,2,153
1495,18,23,100,5,160,1705,0,4810,2,148
1496,18,23,100,5,250,1702,0,4810,2,158
1497,18,23,100,5,320,1690,0,4806,1,183
1498,18,23,100,10,20,114,0,1970,1,54
1499,18,23,100,10,30,169,0,2526,2,57
1500,18,23,100,10,40,349,0,3622,1,60
1501,18,23,100,10,80,801,0,4445,1,77
1502,18,23,100,10,160,903,0,4509,1,80
1503,18,23,100,10,250,905,0,4506,1,82
1504,18,23,100,10,320,905,0,4503,1,84
1505,18,23,100,15,20,30,0,759,1,25
1506,18,23,100,15,30,46,0,991,1,29
1507,18,23,100,15,40,91,0,1928,1,38
1508,18,23,100,15,80,369,0,3995,2,41
1509,18,23,100,15,160,451,0,4165,1,38
1510,18,23,100,15,250,459,0,4170,1,38
1511,18,23,100,15,320,457,0,4168,1,40
1512,18,27,15,5,20,1611,0,4853,2,370
1513,18,27,15,5,30,1644,0,4857,2,379
1514,18,27,15,5,40,1744,0,4898,2,379
1515,18,27,15,5,80,1934,0,4965,2,385
1516,18,27,15,5,160,1964,0,4932,2,411
1517,18,27,15,5,250,1964,0,4929,2,406
1518,18,27,15,5,320,1972,0,4928,2,396
1519,18,27,15,10,20,571,0,3967,3,170
1520,18,27,15,10,30,609,0,4055,3,173
1521,18,27,15,10,40,739,0,4278,3,190
1522,18,27,15,10,80,1041,0,4574,3,194
1523,18,27,15,10,160,1118,0,4624,2,196
1524,18,27,15,10,250,1124,0,4625,3,194
1525,18,27,15,10,320,1122,0,4628,2,194
1526,18,27,15,15,20,240,0,2739,0,99
1527,18,27,15,15,30,260,0,2840,0,89
1528,18,27,15,15,40,345,0,3357,0,99
1529,18,27,15,15,80,562,0,4153,0,90
1530,18,27,15,15,160,636,0,4287,2,99
1531,18,27,15,15,250,639,0,4300,3,88
1532,18,27,15,15,320,639,0,4296,2,91
1533,18,27,30,5,20,396,0,3739,0,63
1534,18,27,30,5,30,422,0,3836,0,63
1535,18,27,30,5,40,579,0,4114,0,56
1536,18,27,30,5,80,999,0,4523,0,84
1537,18,27,30,5,160,1126,0,4586,0,89
1538,18,27,30,5,250,1144,0,4596,0,96
1539,18,27,30,5,320,1144,0,4600,0,94
1540,18,27,30,10,20,50,0,1199,0,35
1541,18,27,30,10,30,62,0,1337,0,33
1542,18,27,30,10,40,113,0,2071,0,32
1543,18,27,30,10,80,394,0,3717,0,41
1544,18,27,30,10,160,541,0,4173,0,44
1545,18,27,30,10,250,549,0,4195,0,36
1546,18,27,30,10,320,549,0,4209,0,40
1547,18,27,30,15,20,17,0,524,0,24
1548,18,27,30,15,30,14,0,558,0,27
1549,18,27,30,15,40,29,0,868,0,32
1550,18,27,30,15,80,173,0,2840,0,35
1551,18,27,30,15,160,254,0,3718,0,34
1552,18,27,30,15,250,258,0,3824,0,38
1553,18,27,30,15,320,251,0,3822,0,40
1554,18,27,60,5,20,595,0,4193,1,61
1555,18,27,60,5,30,639,0,4240,1,65
1556,18,27,60,5,40,802,0,4416,1,73
1557,18,27,60,5,80,1211,0,4652,0,91
1558,18,27,60,5,160,1369,0,4686,0,118
1559,18,27,60,5,250,1383,0,4687,0,108
1560,18,27,60,5,320,1385,0,4702,0,97
1561,18,27,60,10,20,85,0,1617,0,34
1562,18,27,60,10,30,97,0,1763,0,37
1563,18,27,60,10,40,162,0,2595,0,34
1564,18,27,60,10,80,477,0,4058,0,42
1565,18,27,60,10,160,622,0,4310,0,53
1566,18,27,60,10,250,629,0,4312,0,51
1567,18,27,60,10,320,630,0,4315,0,48
1568,18,27,60,15,20,22,0,631,0,33
1569,18,27,60,15,30,26,0,673,0,29
1570,18,27,60,15,40,43,0,1092,0,29
1571,18,27,60,15,80,196,0,3273,0,34
1572,18,27,60,15,160,290,0,3896,0,32
1573,18,27,60,15,250,292,0,3929,0,34
1574,18,27,60,15,320,291,0,3932,0,34
1575,18,27,100,5,20,659,0,4289,0,77
1576,18,27,100,5,30,704,0,4331,0,75
1577,18,27,100,5,40,881,0,4494,0,87
1578,18,27,100,5,80,1275,0,4693,0,112
1579,18,27,100,5,160,1417,0,4717,0,119
1580,18,27,100,5,250,1425,0,4724,0,104
1581,18,27,100,5,320,1412,0,4719,0,120
1582,18,27,100,10,20,90,0,1676,0,37
1583,18,27,100,10,30,102,0,1825,0,41
1584,18,27,100,10,40,167,0,2740,0,43
1585,18,27,100,10,80,500,0,4153,0,40
1586,18,27,100,10,160,669,0,4337,0,54
1587,18,27,100,10,250,674,0,4344,0,46
1588,18,27,100,10,320,674,0,4348,0,43
1589,18,27,100,15,20,23,0,654,0,28
1590,18,27,100,15,30,25,0,701,0,33
1591,18,27,100,15,40,41,0,1104,0,29
1592,18,27,100,15,80,198,0,3393,0,28
1593,18,27,100,15,160,297,0,3970,0,30
1594,18,27,100,15,250,306,0,3987,0,23
1595,18,27,100,15,320,299,0,3986,0,27
1596,18,31,15,5,20,1464,0,4813,1,348
1597,18,31,15,5,30,1469,0,4812,1,350
1598,18,31,15,5,40,1519,0,4842,1,342
1599,18,31,15,5,80,1723,0,4899,2,368
1600,18,31,15,5,160,1796,0,4891,2,368
1601,18,31,15,5,250,1805,0,4889,2,356
1602,18,31,15,5,320,1804,0,4891,2,353
1603,18,31,15,10,20,517,0,3829,2,133
1604,18,31,15,10,30,520,0,3834,2,131
1605,18,31,15,10,40,598,0,3995,2,125
1606,18,31,15,10,80,858,0,4438,2,155
1607,18,31,15,10,160,953,0,4500,2,154
1608,18,31,15,10,250,959,0,4508,2,151
1609,18,31,15,10,320,960,0,4509,2,157
1610,18,31,15,15,20,194,0,2599,0,96
1611,18,31,15,15,30,197,0,2614,0,95
1612,18,31,15,15,40,239,0,2929,0,83
1613,18,31,15,15,80,421,0,3917,0,90
1614,18,31,15,15,160,494,0,4152,0,91
1615,18,31,15,15,250,493,0,4174,1,85
1616,18,31,15,15,320,496,0,4186,2,82
1617,18,31,30,5,20,316,0,3433,0,52
1618,18,31,30,5,30,314,0,3424,0,50
1619,18,31,30,5,40,395,0,3650,0,49
1620,18,31,30,5,80,672,0,4230,0,59
1621,18,31,30,5,160,860,0,4379,0,67
1622,18,31,30,5,250,877,0,4391,0,63
1623,18,31,30,5,320,897,0,4393,0,71
1624,18,31,30,10,20,45,0,1008,0,26
1625,18,31,30,10,30,45,0,1028,0,26
1626,18,31,30,10,40,70,0,1343,0,23
1627,18,31,30,10,80,229,0,3069,0,32
1628,18,31,30,10,160,367,0,3799,0,32
1629,18,31,30,10,250,380,0,3898,0,38
1630,18,31,30,10,320,377,0,3898,0,38
1631,18,31,30,15,20,12,0,433,0,17
1632,18,31,30,15,30,12,0,435,0,17
1633,18,31,30,15,40,20,0,556,0,14
1634,18,31,30,15,80,73,0,1905,0,18
1635,18,31,30,15,160,138,0,3170,0,18
1636,18,31,30,15,250,138,0,3376,0,22
1637,18,31,30,15,320,143,0,3410,0,22
1638,18,31,60,5,20,469,0,3933,0,56
1639,18,31,60,5,30,480,0,3950,0,56
1640,18,31,60,5,40,559,0,4116,0,51
1641,18,31,60,5,80,910,0,4490,0,65
1642,18,31,60,5,160,1066,0,4572,0,87
1643,18,31,60,5,250,1077,0,4580,0,82
1644,18,31,60,5,320,1076,0,4577,0,87
1645,18,31,60,10,20,65,0,1340,0,21
1646,18,31,60,10,30,69,0,1364,0,23
1647,18,31,60,10,40,104,0,1765,0,27
1648,18,31,60,10,80,296,0,3517,0,31
1649,18,31,60,10,160,431,0,4058,0,29
1650,18,31,60,10,250,444,0,4103,0,29
1651,18,31,60,10,320,443,0,4107,0,29
1652,18,31,60,15,20,23,0,542,0,17
1653,18,31,60,15,30,23,0,551,0,17
1654,18,31,60,15,40,27,0,686,0,15
1655,18,31,60,15,80,95,0,2304,0,22
1656,18,31,60,15,160,170,0,3516,0,16
1657,18,31,60,15,250,179,0,3669,0,18
1658,18,31,60,15,320,177,0,3677,0,18
1659,18,31,100,5,20,525,0,4048,1,57
1660,18,31,100,5,30,523,0,4066,1,61
1661,18,31,100,5,40,610,0,4217,1,58
1662,18,31,100,5,80,975,0,4546,0,76
1663,18,31,100,5,160,1111,0,4602,0,102
1664,18,31,100,5,250,1127,0,4606,0,90
1665,18,31,100,5,320,1124,0,4605,0,87
1666,18,31,100,10,20,73,0,1374,0,26
1667,18,31,100,10,30,72,0,1394,0,26
1668,18,31,100,10,40,98,0,1845,0,28
1669,18,31,100,10,80,294,0,3659,0,33
1670,18,31,100,10,160,458,0,4114,0,33
1671,18,31,100,10,250,470,0,4155,0,35
1672,18,31,100,10,320,470,0,4158,0,33
1673,18,31,100,15,20,23,0,561,0,19
1674,18,31,100,15,30,22,0,562,0,18
1675,18,31,100,15,40,26,0,714,0,16
1676,18,31,100,15,80,101,0,2419,0,23
1677,18,31,100,15,160,177,0,3635,0,22
1678,18,31,100,15,250,185,0,3747,0,19
1679,18,31,100,15,320,186,0,3753,0,17
1680,22,23,15,5,20,1286,0,4700,4,312
1681,22,23,15,5,30,1519,0,4830,5,347
1682,22,23,15,5,40,1654,0,4894,4,371
1683,22,23,15,5,80,1880,0,4951,4,405
1684,22,23,15,5,160,1910,0,4937,5,396
1685,22,23,15,5,250,1906,0,4924,4,398
1686,22,23,15,5,320,1909,0,4917,3,408
1687,22,23,15,10,20,327,0,3235,1,132
1688,22,23,15,10,30,511,0,3757,1,135
1689,22,23,15,10,40,646,0,4123,1,142
1690,22,23,15,10,80,940,0,4524,2,203
1691,22,23,15,10,160,1018,0,4567,2,170
1692,22,23,15,10,250,1015,0,4568,3,165
1693,22,23,15,10,320,1018,0,4565,3,172
1694,22,23,15,15,20,108,0,1856,1,105
1695,22,23,15,15,30,175,0,2499,1,95
1696,22,23,15,15,40,254,0,3124,1,104
1697,22,23,15,15,80,476,0,4089,2,109
1698,22,23,15,15,160,518,0,4203,2,101
1699,22,23,15,15,250,525,0,4208,2,96
1700,22,23,15,15,320,529,0,4211,3,96
1701,22,23,30,5,20,199,0,2748,0,60
1702,22,23,30,5,30,358,0,3537,0,63
1703,22,23,30,5,40,548,0,3998,1,69
1704,22,23,30,5,80,1020,0,4531,0,83
1705,22,23,30,5,160,1167,0,4601,0,106
1706,22,23,30,5,250,1179,0,4601,1,112
1707,22,23,30,5,320,1172,1,4595,1,108
1708,22,23,30,10,20,20,1,682,1,22
1709,22,23,30,10,30,49,1,1093,1,32
1710,22,23,30,10,40,95,1,1873,1,33
1711,22,23,30,10,80,392,1,3822,0,37
1712,22,23,30,10,160,518,1,4177,0,44
1713,22,23,30,10,250,522,1,4207,0,42
1714,22,23,30,10,320,522,1,4212,0,46
1715,22,23,30,15,20,7,1,361,1,22
1716,22,23,30,15,30,9,1,517,1,24
1717,22,23,30,15,40,24,1,763,1,25
1718,22,23,30,15,80,149,1,2907,0,42
1719,22,23,30,15,160,209,1,3761,0,38
1720,22,23,30,15,250,212,1,3813,0,36
1721,22,23,30,15,320,206,1,3821,0,37
1722,22,23,60,5,20,322,0,3370,1,82
1723,22,23,60,5,30,527,0,3999,1,82
1724,22,23,60,5,40,741,0,4318,1,93
1725,22,23,60,5,80,1193,0,4656,1,120
1726,22,23,60,5,160,1327,0,4688,1,122
1727,22,23,60,5,250,1344,0,4697,1,128
1728,22,23,60,5,320,1340,0,4695,1,132
1729,22,23,60,10,20,37,0,859,1,30
1730,22,23,60,10,30,71,0,1424,1,34
1731,22,23,60,10,40,144,0,2363,1,38
1732,22,23,60,10,80,464,0,4067,1,54
1733,22,23,60,10,160,591,0,4281,1,46
1734,22,23,60,10,250,603,0,4295,1,42
1735,22,23,60,10,320,602,0,4291,1,46
1736,22,23,60,15,20,9,1,440,1,22
1737,22,23,60,15,30,12,1,602,1,28
1738,22,23,60,15,40,39,0,943,1,30
1739,22,23,60,15,80,188,0,3314,1,36
1740,22,23,60,15,160,255,0,3891,1,35
1741,22,23,60,15,250,254,0,3912,1,32
1742,22,23,60,15,320,253,0,3914,1,34
1743,22,23,100,5,20,367,0,3518,2,73
1744,22,23,100,5,30,589,0,4143,1,70
1745,22,23,100,5,40,795,0,4402,1,96
1746,22,23,100,5,80,1268,0,4679,1,128
1747,22,23,100,5,160,1414,0,4725,2,115
1748,22,23,100,5,250,1402,0,4719,1,138
1749,22,23,100,5,320,1399,0,4715,1,144
1750,22,23,100,10,20,33,0,882,1,33
1751,22,23,100,10,30,70,0,1505,1,38
1752,22,23,100,10,40,148,0,2474,1,40
1753,22,23,100,10,80,516,0,4152,1,52
1754,22,23,100,10,160,631,0,4315,1,48
1755,22,23,100,10,250,634,0,4317,2,51
1756,22,23,100,10,320,635,0,4318,1,53
1757,22,23,100,15,20,8,0,451,1,28
1758,22,23,100,15,30,15,0,627,1,29
1759,22,23,100,15,40,30,0,988,1,32
1760,22,23,100,15,80,191,0,3452,1,45
1761,22,23,100,15,160,266,0,3934,1,35
1762,22,23,100,15,250,270,0,3942,1,31
1763,22,23,100,15,320,272,0,3941,1,34
1764,22,27,15,5,20,1162,0,4607,3,244
1765,22,27,15,5,30,1316,0,4726,3,308
1766,22,27,15,5,40,1403,0,4770,3,335
1767,22,27,15,5,80,1645,0,4881,3,325
1768,22,27,15,5,160,1716,0,4885,2,329
1769,22,27,15,5,250,1736,0,4876,2,333
1770,22,27,15,5,320,1722,0,4869,2,327
1771,22,27,15,10,20,276,0,3068,3,125
1772,22,27,15,10,30,406,0,3524,3,142
1773,22,27,15,10,40,478,0,3835,3,140
1774,22,27,15,10,80,758,0,4408,3,139
1775,22,27,15,10,160,853,0,4487,2,137
1776,22,27,15,10,250,856,0,4490,3,123
1777,22,27,15,10,320,861,0,4488,2,136
1778,22,27,15,15,20,92,0,1720,0,86
1779,22,27,15,15,30,137,0,2206,0,89
1780,22,27,15,15,40,181,0,2626,0,84
1781,22,27,15,15,80,343,0,3836,0,79
1782,22,27,15,15,160,419,0,4088,2,77
1783,22,27,15,15,250,424,0,4104,3,72
1784,22,27,15,15,320,423,0,4102,2,79
1785,22,27,30,5,20,166,0,2459,0,57
1786,22,27,30,5,30,241,0,3066,0,57
1787,22,27,30,5,40,330,0,3493,0,59
1788,22,27,30,5,80,690,0,4257,0,73
1789,22,27,30,5,160,891,0,4427,0,74
1790,22,27,30,5,250,912,0,4433,0,79
1791,22,27,30,5,320,907,0,4439,0,77
1792,22,27,30,10,20,20,0,579,0,25
1793,22,27,30,10,30,29,0,818,0,24
1794,22,27,30,10,40,42,0,1202,0,36
1795,22,27,30,10,80,232,0,3109,0,35
1796,22,27,30,10,160,346,0,3838,0,37
1797,22,27,30,10,250,367,0,3930,0,37
1798,22,27,30,10,320,366,0,3940,0,39
1799,22,27,30,15,20,7,0,307,0,14
1800,22,27,30,15,30,8,0,383,0,14
1801,22,27,30,15,40,12,0,522,0,22
1802,22,27,30,15,80,69,0,1918,0,27
1803,22,27,30,15,160,126,0,3278,0,25
1804,22,27,30,15,250,127,0,3469,0,27
1805,22,27,30,15,320,128,0,3491,0,29
1806,22,27,60,5,20,264,0,3075,0,61
1807,22,27,60,5,30,374,0,3666,0,58
1808,22,27,60,5,40,487,0,3987,0,65
1809,22,27,60,5,80,878,0,4487,0,83
1810,22,27,60,5,160,1063,0,4580,0,90
1811,22,27,60,5,250,1078,0,4583,0,88
1812,22,27,60,5,320,1081,0,4584,0,83
1813,22,27,60,10,20,25,0,725,0,32
1814,22,27,60,10,30,39,0,1058,0,36
1815,22,27,60,10,40,75,0,1544,0,33
1816,22,27,60,10,80,284,0,3544,0,31
1817,22,27,60,10,160,406,0,4071,0,34
1818,22,27,60,10,250,412,0,4095,0,35
1819,22,27,60,10,320,413,0,4094,0,38
1820,22,27,60,15,20,12,0,371,0,21
1821,22,27,60,15,30,17,0,460,0,31
1822,22,27,60,15,40,17,0,614,0,32
1823,22,27,60,15,80,86,0,2345,0,29
1824,22,27,60,15,160,149,0,3570,0,29
1825,22,27,60,15,250,151,0,3672,0,33
1826,22,27,60,15,320,153,0,3678,0,32
1827,22,27,100,5,20,279,0,3223,1,69
1828,22,27,100,5,30,402,0,3806,1,63
1829,22,27,100,5,40,520,0,4089,1,67
1830,22,27,100,5,80,954,0,4553,0,80
1831,22,27,100,5,160,1123,0,4620,0,87
1832,22,27,100,5,250,1133,0,4624,0,90
1833,22,27,100,5,320,1131,0,4622,0,84
1834,22,27,100,10,20,26,0,753,0,30
1835,22,27,100,10,30,42,0,1069,0,33
1836,22,27,100,10,40,70,0,1575,0,30
1837,22,27,100,10,80,302,0,3680,0,34
1838,22,27,100,10,160,441,0,4124,0,33
1839,22,27,100,10,250,445,0,4138,0,34
1840,22,27,100,10,320,449,0,4139,0,30
1841,22,27,100,15,20,10,0,380,0,24
1842,22,27,100,15,30,16,0,488,0,26
1843,22,27,100,15,40,17,0,639,0,24
1844,22,27,100,15,80,87,0,2480,0,26
1845,22,27,100,15,160,157,0,3659,0,29
1846,22,27,100,15,250,158,0,3721,0,29
1847,22,27,100,15,320,159,0,3727,0,30
1848,22,31,15,5,20,991,0,4512,3,257
1849,22,31,15,5,30,1166,0,4637,3,279
1850,22,31,15,5,40,1214,0,4688,3,275
1851,22,31,15,5,80,1434,0,4801,3,302
1852,22,31,15,5,160,1521,0,4806,3,311
1853,22,31,15,5,250,1535,0,4808,2,307
1854,22,31,15,5,320,1522,0,4804,3,307
1855,22,31,15,10,20,267,0,2930,1,106
1856,22,31,15,10,30,344,0,3351,1,133
1857,22,31,15,10,40,386,0,3516,1,122
1858,22,31,15,10,80,616,0,4179,1,123
1859,22,31,15,10,160,708,0,4335,1,126
1860,22,31,15,10,250,711,0,4356,1,121
1861,22,31,15,10,320,719,0,4354,2,125
1862,22,31,15,15,20,86,0,1619,0,78
1863,22,31,15,15,30,114,0,1988,0,86
1864,22,31,15,15,40,142,0,2230,0,81
1865,22,31,15,15,80,255,0,3443,0,81
1866,22,31,15,15,160,316,0,3918,0,65
1867,22,31,15,15,250,320,0,3955,1,63
1868,22,31,15,15,320,316,0,3961,2,75
1869,22,31,30,5,20,121,0,2123,0,40
1870,22,31,30,5,30,171,0,2659,0,45
1871,22,31,30,5,40,197,0,2900,0,39
1872,22,31,30,5,80,459,0,3869,0,42
1873,22,31,30,5,160,637,0,4149,0,42
1874,22,31,30,5,250,675,0,4192,0,38
1875,22,31,30,5,320,676,0,4181,0,38
1876,22,31,30,10,20,17,0,488,0,16
1877,22,31,30,10,30,22,0,622,0,26
1878,22,31,30,10,40,29,0,792,0,22
1879,22,31,30,10,80,115,0,2270,0,20
1880,22,31,30,10,160,212,0,3334,0,22
1881,22,31,30,10,250,216,0,3555,0,26
1882,22,31,30,10,320,219,0,3583,0,24
1883,22,31,30,15,20,6,0,252,0,9
1884,22,31,30,15,30,8,0,320,0,5
1885,22,31,30,15,40,9,0,367,0,5
1886,22,31,30,15,80,30,0,1168,0,17
1887,22,31,30,15,160,65,0,2574,0,22
1888,22,31,30,15,250,68,0,2976,0,20
1889,22,31,30,15,320,67,0,3031,0,16
1890,22,31,60,5,20,185,0,2742,0,40
1891,22,31,60,5,30,248,0,3256,0,43
1892,22,31,60,5,40,294,0,3515,0,41
1893,22,31,60,5,80,602,0,4218,0,56
1894,22,31,60,5,160,796,0,4409,0,57
1895,22,31,60,5,250,815,0,4427,0,53
1896,22,31,60,5,320,815,0,4422,0,51
1897,22,31,60,10,20,24,0,613,0,24
1898,22,31,60,10,30,35,0,815,0,20
1899,22,31,60,10,40,41,0,991,0,19
1900,22,31,60,10,80,139,0,2743,0,23
1901,22,31,60,10,160,254,0,3712,0,24
1902,22,31,60,10,250,262,0,3843,0,28
1903,22,31,60,10,320,260,0,3849,0,28
1904,22,31,60,15,20,9,0,313,0,7
1905,22,31,60,15,30,12,0,396,0,16
1906,22,31,60,15,40,14,0,449,0,18
1907,22,31,60,15,80,41,0,1426,0,20
1908,22,31,60,15,160,82,0,2955,0,22
1909,22,31,60,15,250,88,0,3272,0,22
1910,22,31,60,15,320,88,0,3310,0,22
1911,22,31,100,5,20,196,0,2858,1,48
1912,22,31,100,5,30,270,0,3402,1,42
1913,22,31,100,5,40,332,0,3651,1,50
1914,22,31,100,5,80,644,0,4300,0,65
1915,22,31,100,5,160,829,0,4452,0,57
1916,22,31,100,5,250,844,0,4464,0,54
1917,22,31,100,5,320,850,0,4466,0,48
1918,22,31,100,10,20,24,0,641,0,25
1919,22,31,100,10,30,32,0,845,0,19
1920,22,31,100,10,40,37,0,1035,0,20
1921,22,31,100,10,80,147,0,2871,0,28
1922,22,31,100,10,160,273,0,3816,0,26
1923,22,31,100,10,250,283,0,3906,0,30
1924,22,31,100,10,320,283,0,3913,0,26
1925,22,31,100,15,20,9,0,334,0,11
1926,22,31,100,15,30,12,0,417,0,18
1927,22,31,100,15,40,12,0,456,0,17
1928,22,31,100,15,80,38,0,1467,0,19
1929,22,31,100,15,160,75,0,3131,0,26
1930,22,31,100,15,250,78,0,3393,0,22
1931,22,31,100,15,320,79,0,3407,0,24
1932,26,27,15,5,20,707,2,4132,4,192
1933,26,27,15,5,30,1035,0,4547,2,283
1934,26,27,15,5,40,1127,2,4611,3,249
1935,26,27,15,5,80,1398,0,4773,2,299
1936,26,27,15,5,160,1493,0,4801,2,304
1937,26,27,15,5,250,1508,0,4805,2,301
1938,26,27,15,5,320,1502,0,4804,2,307
1939,26,27,15,10,20,125,0,2047,0,107
1940,26,27,15,10,30,278,0,3046,1,110
1941,26,27,15,10,40,334,0,3356,1,105
1942,26,27,15,10,80,549,0,4160,1,108
1943,26,27,15,10,160,650,0,4315,1,113
1944,26,27,15,10,250,658,0,4328,3,104
1945,26,27,15,10,320,658,0,4325,2,108
1946,26,27,15,15,20,42,0,1072,0,81
1947,26,27,15,15,30,93,0,1701,0,79
1948,26,27,15,15,40,112,0,2035,0,77
1949,26,27,15,15,80,215,0,3460,0,72
1950,26,27,15,15,160,264,0,3870,1,62
1951,26,27,15,15,250,269,0,3893,1,62
1952,26,27,15,15,320,269,0,3893,2,66
1953,26,27,30,5,20,62,0,1243,0,46
1954,26,27,30,5,30,143,0,2369,0,56
1955,26,27,30,5,40,179,0,2770,0,51
1956,26,27,30,5,80,490,0,3921,0,54
1957,26,27,30,5,160,676,0,4232,0,70
1958,26,27,30,5,250,694,0,4245,0,72
1959,26,27,30,5,320,693,0,4248,0,74
1960,26,27,30,10,20,10,0,343,0,25
1961,26,27,30,10,30,16,0,558,0,27
1962,26,27,30,10,40,27,0,715,0,30
1963,26,27,30,10,80,118,0,2383,0,32
1964,26,27,30,10,160,210,0,3506,0,28
1965,26,27,30,10,250,221,0,3668,0,36
1966,26,27,30,10,320,226,0,3694,0,37
1967,26,27,30,15,20,5,0,155,0,8
1968,26,27,30,15,30,6,0,292,0,14
1969,26,27,30,15,40,6,0,354,0,14
1970,26,27,30,15,80,29,0,1225,0,17
1971,26,27,30,15,160,67,0,2772,0,23
1972,26,27,30,15,250,66,0,3093,0,17
1973,26,27,30,15,320,68,0,3121,0,26
1974,26,27,60,5,20,105,0,1678,0,54
1975,26,27,60,5,30,224,0,2938,0,49
1976,26,27,60,5,40,285,0,3368,0,53
1977,26,27,60,5,80,620,0,4226,0,72
1978,26,27,60,5,160,831,0,4433,0,76
1979,26,27,60,5,250,843,0,4452,0,76
1980,26,27,60,5,320,845,0,4455,0,78
1981,26,27,60,10,20,14,0,425,0,30
1982,26,27,60,10,30,22,0,708,0,31
1983,26,27,60,10,40,31,0,936,0,27
1984,26,27,60,10,80,151,0,2880,0,32
1985,26,27,60,10,160,262,0,3804,0,28
1986,26,27,60,10,250,269,0,3890,0,28
1987,26,27,60,10,320,270,0,3895,0,29
1988,26,27,60,15,20,6,0,206,0,17
1989,26,27,60,15,30,7,0,361,0,19
1990,26,27,60,15,40,10,0,438,0,26
1991,26,27,60,15,80,36,0,1518,0,22
1992,26,27,60,15,160,75,0,3141,0,27
1993,26,27,60,15,250,77,0,3348,0,25
1994,26,27,60,15,320,77,0,3363,0,25
1995,26,27,100,5,20,120,0,1763,0,55
1996,26,27,100,5,30,243,0,3097,0,58
1997,26,27,100,5,40,301,0,3518,0,64
1998,26,27,100,5,80,680,0,4326,0,78
1999,26,27,100,5,160,880,0,4489,0,80
2000,26,27,100,5,250,890,0,4500,0,86
2001,26,27,100,5,320,894,0,4503,0,84
2002,26,27,100,10,20,13,0,452,0,29
2003,26,27,100,10,30,24,0,730,0,29
2004,26,27,100,10,40,27,0,972,0,38
2005,26,27,100,10,80,152,0,3013,0,35
2006,26,27,100,10,160,270,0,3881,0,38
2007,26,27,100,10,250,278,0,3932,0,35
2008,26,27,100,10,320,279,0,3936,0,36
2009,26,27,100,15,20,6,0,220,0,21
2010,26,27,100,15,30,7,0,372,0,21
2011,26,27,100,15,40,8,0,446,0,20
2012,26,27,100,15,80,37,0,1576,0,24
2013,26,27,100,15,160,76,0,3284,0,28
2014,26,27,100,15,250,80,0,3436,0,20
2015,26,27,100,15,320,79,0,3445,0,27
2016,26,31,15,5,20,603,0,4021,2,198
2017,26,31,15,5,30,909,0,4436,3,247
2018,26,31,15,5,40,934,0,4477,3,247
2019,26,31,15,5,80,1177,0,4683,3,257
2020,26,31,15,5,160,1295,0,4710,2,265
2021,26,31,15,5,250,1295,0,4707,2,264
2022,26,31,15,5,320,1295,0,4705,2,266
2023,26,31,15,10,20,126,0,1934,0,87
2024,26,31,15,10,30,227,0,2830,0,90
2025,26,31,15,10,40,249,0,3016,0,92
2026,26,31,15,10,80,427,0,3894,0,113
2027,26,31,15,10,160,523,0,4167,0,113
2028,26,31,15,10,250,521,0,4198,1,101
2029,26,31,15,10,320,526,0,4200,2,101
2030,26,31,15,15,20,50,0,950,0,69
2031,26,31,15,15,30,74,0,1542,0,69
2032,26,31,15,15,40,95,0,1692,0,77
2033,26,31,15,15,80,169,0,2959,0,82
2034,26,31,15,15,160,207,0,3650,0,70
2035,26,31,15,15,250,215,0,3723,0,65
2036,26,31,15,15,320,213,0,3727,1,67
2037,26,31,30,5,20,48,0,1047,0,27
2038,26,31,30,5,30,98,0,1924,0,40
2039,26,31,30,5,40,126,0,2168,0,35
2040,26,31,30,5,80,302,0,3406,0,26
2041,26,31,30,5,160,465,0,3858,0,49
2042,26,31,30,5,250,497,0,3926,0,43
2043,26,31,30,5,320,500,0,3941,0,43
2044,26,31,30,10,20,9,0,291,0,13
2045,26,31,30,10,30,14,0,429,0,26
2046,26,31,30,10,40,14,0,502,0,22
2047,26,31,30,10,80,60,0,1557,0,32
2048,26,31,30,10,160,126,0,2851,0,33
2049,26,31,30,10,250,130,0,3153,0,27
2050,26,31,30,10,320,130,0,3208,0,31
2051,26,31,30,15,20,5,0,115,0,7
2052,26,31,30,15,30,4,0,213,0,10
2053,26,31,30,15,40,4,0,249,0,9
2054,26,31,30,15,80,13,0,669,0,26
2055,26,31,30,15,160,32,0,1936,0,20
2056,26,31,30,15,250,37,0,2486,0,20
2057,26,31,30,15,320,38,0,2591,0,25
2058,26,31,60,5,20,75,0,1435,0,32
2059,26,31,60,5,30,146,0,2486,0,30
2060,26,31,60,5,40,165,0,2766,0,26
2061,26,31,60,5,80,402,0,3858,0,37
2062,26,31,60,5,160,578,0,4183,0,44
2063,26,31,60,5,250,598,0,4225,0,46
2064,26,31,60,5,320,605,0,4229,0,46
2065,26,31,60,10,20,13,0,375,0,15
2066,26,31,60,10,30,22,0,563,0,24
2067,26,31,60,10,40,25,0,633,0,24
2068,26,31,60,10,80,80,0,1963,0,19
2069,26,31,60,10,160,154,0,3316,0,24
2070,26,31,60,10,250,162,0,3535,0,24
2071,26,31,60,10,320,160,0,3574,0,20
2072,26,31,60,15,20,6,0,156,0,9
2073,26,31,60,15,30,6,0,278,0,18
2074,26,31,60,15,40,6,0,315,0,17
2075,26,31,60,15,80,20,0,852,0,21
2076,26,31,60,15,160,43,0,2367,0,28
2077,26,31,60,15,250,47,0,2868,0,24
2078,26,31,60,15,320,47,0,2926,0,24
2079,26,31,100,5,20,78,0,1489,0,24
2080,26,31,100,5,30,161,0,2640,0,23
2081,26,31,100,5,40,182,0,2906,0,29
2082,26,31,100,5,80,443,0,3962,0,34
2083,26,31,100,5,160,638,0,4267,0,42
2084,26,31,100,5,250,666,0,4301,0,36
2085,26,31,100,5,320,666,0,4306,0,36
2086,26,31,100,10,20,12,0,387,0,11
2087,26,31,100,10,30,19,0,586,0,26
2088,26,31,100,10,40,23,0,674,0,23
2089,26,31,100,10,80,80,0,2069,0,24
2090,26,31,100,10,160,163,0,3452,0,24
2091,26,31,100,10,250,174,0,3636,0,22
2092,26,31,100,10,320,173,0,3667,0,20
2093,26,31,100,15,20,6,0,162,0,11
2094,26,31,100,15,30,6,0,290,0,19
2095,26,31,100,15,40,8,0,324,0,15
2096,26,31,100,15,80,20,0,857,0,19
2097,26,31,100,15,160,41,0,2517,0,19
2098,26,31,100,15,250,47,0,2998,0,17
2099,26,31,100,15,320,47,0,3059,0,15
